fecha,local,visitante,goles_local,goles_visitante,tiros_local,tiros_visitante,tiros_puerta_local,tiros_puerta_visitante,amarillas_local,amarillas_visitante,temporada
12/09/2020,Eibar,Celta,0,0,8,6,1,3,4,4,2020-2021
12/09/2020,Granada,Ath Bilbao,2,0,4,9,2,2,3,4,2020-2021
12/09/2020,Cadiz,Osasuna,0,2,12,6,3,4,2,2,2020-2021
13/09/2020,Alaves,Betis,0,1,7,11,2,4,3,3,2020-2021
13/09/2020,Valladolid,Sociedad,1,1,8,8,3,2,4,1,2020-2021
13/09/2020,Villarreal,Huesca,1,1,15,10,4,3,1,1,2020-2021
13/09/2020,Valencia,Levante,4,2,14,19,8,8,1,3,2020-2021
19/09/2020,Villarreal,Eibar,2,1,14,12,8,4,1,1,2020-2021
19/09/2020,Getafe,Osasuna,1,0,7,10,1,3,4,2,2020-2021
19/09/2020,Celta,Valencia,2,1,23,9,6,3,3,1,2020-2021
20/09/2020,Huesca,Cadiz,0,2,4,6,0,4,3,3,2020-2021
20/09/2020,Betis,Valladolid,2,0,16,9,6,2,3,0,2020-2021
20/09/2020,Granada,Alaves,2,1,10,5,3,3,0,3,2020-2021
20/09/2020,Sociedad,Real Madrid,0,0,6,16,1,4,2,2,2020-2021
26/09/2020,Alaves,Getafe,0,0,9,11,0,4,2,2,2020-2021
26/09/2020,Valencia,Huesca,1,1,5,17,2,4,0,1,2020-2021
26/09/2020,Elche,Sociedad,0,3,5,27,2,7,3,1,2020-2021
26/09/2020,Betis,Real Madrid,2,3,15,11,5,4,5,2,2020-2021
27/09/2020,Osasuna,Levante,1,3,9,11,4,5,2,0,2020-2021
27/09/2020,Eibar,Ath Bilbao,1,2,7,9,1,5,1,0,2020-2021
27/09/2020,Ath Madrid,Granada,6,1,17,11,10,6,3,1,2020-2021
27/09/2020,Cadiz,Sevilla,1,3,12,14,5,5,4,2,2020-2021
27/09/2020,Valladolid,Celta,1,1,10,5,4,1,3,4,2020-2021
27/09/2020,Barcelona,Villarreal,4,0,17,5,9,1,0,1,2020-2021
29/09/2020,Sociedad,Valencia,0,1,11,9,3,5,1,5,2020-2021
29/09/2020,Getafe,Betis,3,0,8,10,4,2,4,4,2020-2021
30/09/2020,Huesca,Ath Madrid,0,0,9,16,3,2,1,0,2020-2021
30/09/2020,Villarreal,Alaves,3,1,10,8,6,3,0,2,2020-2021
30/09/2020,Eibar,Elche,0,1,12,5,4,2,2,2,2020-2021
30/09/2020,Real Madrid,Valladolid,1,0,15,11,5,5,2,1,2020-2021
01/10/2020,Ath Bilbao,Cadiz,0,1,13,3,4,1,3,5,2020-2021
01/10/2020,Sevilla,Levante,1,0,16,3,2,1,5,2,2020-2021
01/10/2020,Celta,Barcelona,0,3,10,6,3,3,5,5,2020-2021
03/10/2020,Valladolid,Eibar,1,2,9,11,3,5,2,3,2020-2021
03/10/2020,Ath Madrid,Villarreal,0,0,14,6,1,2,1,2,2020-2021
03/10/2020,Elche,Huesca,0,0,2,18,0,4,0,2,2020-2021
03/10/2020,Sociedad,Getafe,3,0,11,5,6,1,3,3,2020-2021
03/10/2020,Valencia,Betis,0,2,5,17,2,8,2,2,2020-2021
04/10/2020,Osasuna,Celta,2,0,14,9,5,3,3,3,2020-2021
04/10/2020,Alaves,Ath Bilbao,1,0,8,8,3,0,2,3,2020-2021
04/10/2020,Levante,Real Madrid,0,2,11,13,4,3,2,1,2020-2021
04/10/2020,Cadiz,Granada,1,1,14,13,4,5,2,2,2020-2021
04/10/2020,Barcelona,Sevilla,1,1,12,13,5,1,1,1,2020-2021
17/10/2020,Granada,Sevilla,1,0,13,8,3,3,4,4,2020-2021
17/10/2020,Celta,Ath Madrid,0,2,15,9,5,4,3,4,2020-2021
17/10/2020,Real Madrid,Cadiz,0,1,14,14,2,5,2,0,2020-2021
17/10/2020,Getafe,Barcelona,1,0,9,7,4,1,4,3,2020-2021
18/10/2020,Eibar,Osasuna,0,0,10,8,6,2,2,3,2020-2021
18/10/2020,Ath Bilbao,Levante,2,0,14,6,5,1,3,1,2020-2021
18/10/2020,Villarreal,Valencia,2,1,16,11,6,3,4,1,2020-2021
18/10/2020,Alaves,Elche,0,2,13,7,2,3,2,5,2020-2021
18/10/2020,Huesca,Valladolid,2,2,12,5,7,3,1,2,2020-2021
18/10/2020,Betis,Sociedad,0,3,7,8,1,5,2,1,2020-2021
23/10/2020,Elche,Valencia,2,1,3,14,2,4,3,2,2020-2021
24/10/2020,Barcelona,Real Madrid,1,3,10,15,4,9,3,2,2020-2021
24/10/2020,Osasuna,Ath Bilbao,1,0,7,13,2,5,3,2,2020-2021
24/10/2020,Sevilla,Eibar,0,1,21,3,3,1,0,3,2020-2021
24/10/2020,Ath Madrid,Betis,2,0,13,12,6,3,2,0,2020-2021
25/10/2020,Valladolid,Alaves,0,2,5,14,1,4,1,0,2020-2021
25/10/2020,Cadiz,Villarreal,0,0,5,7,0,2,2,2,2020-2021
25/10/2020,Getafe,Granada,0,1,10,5,1,2,4,2,2020-2021
25/10/2020,Sociedad,Huesca,4,1,13,6,6,4,2,1,2020-2021
26/10/2020,Levante,Celta,1,1,10,10,3,3,2,2,2020-2021
30/10/2020,Eibar,Cadiz,0,2,9,6,3,4,1,1,2020-2021
31/10/2020,Real Madrid,Huesca,4,1,13,9,6,2,0,2,2020-2021
31/10/2020,Ath Bilbao,Sevilla,2,1,16,7,5,3,5,5,2020-2021
31/10/2020,Osasuna,Ath Madrid,1,3,8,11,3,6,1,2,2020-2021
31/10/2020,Alaves,Barcelona,1,1,4,25,3,9,4,3,2020-2021
01/11/2020,Betis,Elche,3,1,17,4,10,2,2,1,2020-2021
01/11/2020,Celta,Sociedad,1,4,9,9,2,7,2,5,2020-2021
01/11/2020,Granada,Levante,1,1,5,19,2,4,2,3,2020-2021
01/11/2020,Valencia,Getafe,2,2,11,16,5,5,8,5,2020-2021
02/11/2020,Villarreal,Valladolid,2,0,11,11,5,1,1,3,2020-2021
06/11/2020,Elche,Celta,1,1,8,14,1,6,3,4,2020-2021
07/11/2020,Huesca,Eibar,1,1,14,8,6,3,2,0,2020-2021
07/11/2020,Barcelona,Betis,5,2,18,12,9,6,2,2,2020-2021
07/11/2020,Sevilla,Osasuna,1,0,9,10,1,2,2,3,2020-2021
07/11/2020,Ath Madrid,Cadiz,4,0,17,10,7,3,1,1,2020-2021
08/11/2020,Getafe,Villarreal,1,3,13,9,5,5,3,4,2020-2021
08/11/2020,Sociedad,Granada,2,0,22,2,9,1,2,1,2020-2021
08/11/2020,Levante,Alaves,1,1,18,6,5,2,1,6,2020-2021
08/11/2020,Valladolid,Ath Bilbao,2,1,7,17,4,2,4,2,2020-2021
08/11/2020,Valencia,Real Madrid,4,1,7,16,4,6,3,2,2020-2021
20/11/2020,Osasuna,Huesca,1,1,18,6,7,5,2,3,2020-2021
21/11/2020,Levante,Elche,1,1,13,11,5,5,1,4,2020-2021
21/11/2020,Villarreal,Real Madrid,1,1,13,6,1,1,1,2,2020-2021
21/11/2020,Sevilla,Celta,4,2,15,10,10,7,2,2,2020-2021
21/11/2020,Ath Madrid,Barcelona,1,0,9,13,2,4,4,0,2020-2021
22/11/2020,Eibar,Getafe,0,0,15,8,5,3,3,4,2020-2021
22/11/2020,Cadiz,Sociedad,0,1,2,14,0,4,2,1,2020-2021
22/11/2020,Granada,Valladolid,1,3,16,9,6,3,4,3,2020-2021
22/11/2020,Alaves,Valencia,2,2,13,13,3,5,1,1,2020-2021
23/11/2020,Ath Bilbao,Betis,4,0,14,7,9,1,0,0,2020-2021
27/11/2020,Valladolid,Levante,1,1,10,10,4,3,0,3,2020-2021
28/11/2020,Elche,Cadiz,1,1,4,7,3,2,6,2,2020-2021
28/11/2020,Valencia,Ath Madrid,0,1,5,14,2,6,2,5,2020-2021
28/11/2020,Huesca,Sevilla,0,1,5,16,1,4,4,3,2020-2021
28/11/2020,Real Madrid,Alaves,1,2,20,11,9,6,2,3,2020-2021
29/11/2020,Barcelona,Osasuna,4,0,20,10,11,5,1,0,2020-2021
29/11/2020,Getafe,Ath Bilbao,1,1,11,5,3,2,2,4,2020-2021
29/11/2020,Celta,Granada,3,1,17,9,8,2,4,3,2020-2021
29/11/2020,Sociedad,Villarreal,1,1,8,10,4,2,5,3,2020-2021
30/11/2020,Betis,Eibar,0,2,7,11,3,6,2,1,2020-2021
04/12/2020,Ath Bilbao,Celta,0,2,10,6,0,4,2,1,2020-2021
05/12/2020,Levante,Getafe,3,0,12,9,8,0,2,7,2020-2021
05/12/2020,Sevilla,Real Madrid,0,1,12,10,2,3,1,3,2020-2021
05/12/2020,Ath Madrid,Valladolid,2,0,15,13,4,3,4,2,2020-2021
05/12/2020,Cadiz,Barcelona,2,1,7,21,3,8,0,2,2020-2021
06/12/2020,Granada,Huesca,3,3,15,16,6,7,2,0,2020-2021
06/12/2020,Osasuna,Betis,0,2,10,12,0,5,3,2,2020-2021
06/12/2020,Villarreal,Elche,0,0,12,3,3,0,3,2,2020-2021
06/12/2020,Alaves,Sociedad,0,0,5,13,1,5,1,0,2020-2021
07/12/2020,Eibar,Valencia,0,0,19,6,3,4,3,2,2020-2021
11/12/2020,Valladolid,Osasuna,3,2,11,13,6,6,4,5,2020-2021
12/12/2020,Valencia,Ath Bilbao,2,2,11,13,2,5,2,6,2020-2021
12/12/2020,Getafe,Sevilla,0,1,8,8,2,0,2,3,2020-2021
12/12/2020,Huesca,Alaves,1,0,11,3,3,1,1,4,2020-2021
12/12/2020,Real Madrid,Ath Madrid,2,0,11,5,3,1,1,3,2020-2021
13/12/2020,Sociedad,Eibar,1,1,8,16,2,4,4,3,2020-2021
13/12/2020,Betis,Villarreal,1,1,11,7,5,2,2,3,2020-2021
13/12/2020,Elche,Granada,0,1,9,13,1,5,4,2,2020-2021
13/12/2020,Barcelona,Levante,1,0,24,7,13,3,2,1,2020-2021
14/12/2020,Celta,Cadiz,4,0,8,12,5,2,2,1,2020-2021
15/12/2020,Real Madrid,Ath Bilbao,3,1,18,10,5,4,1,3,2020-2021
16/12/2020,Barcelona,Sociedad,2,1,14,12,4,5,3,3,2020-2021
18/12/2020,Ath Bilbao,Huesca,2,0,10,6,3,1,0,3,2020-2021
19/12/2020,Ath Madrid,Elche,3,1,12,8,6,3,1,2,2020-2021
19/12/2020,Barcelona,Valencia,2,2,25,12,9,4,4,2,2020-2021
19/12/2020,Levante,Sociedad,2,1,13,15,5,5,2,1,2020-2021
19/12/2020,Osasuna,Villarreal,1,3,6,13,1,6,2,2,2020-2021
19/12/2020,Sevilla,Valladolid,1,1,14,12,3,5,3,4,2020-2021
20/12/2020,Celta,Alaves,2,0,11,8,3,2,2,2,2020-2021
20/12/2020,Granada,Betis,2,0,8,14,3,1,3,4,2020-2021
20/12/2020,Cadiz,Getafe,0,2,8,6,1,4,1,6,2020-2021
20/12/2020,Eibar,Real Madrid,1,3,10,11,3,5,1,0,2020-2021
22/12/2020,Elche,Osasuna,2,2,7,15,2,6,1,2,2020-2021
22/12/2020,Valencia,Sevilla,0,1,10,19,4,3,3,2,2020-2021
22/12/2020,Huesca,Levante,1,1,11,9,2,1,2,3,2020-2021
22/12/2020,Sociedad,Ath Madrid,0,2,6,8,1,3,3,3,2020-2021
22/12/2020,Valladolid,Barcelona,0,3,12,21,5,10,1,2,2020-2021
22/12/2020,Villarreal,Ath Bilbao,1,1,17,9,6,3,1,1,2020-2021
23/12/2020,Getafe,Celta,1,1,6,2,3,1,3,3,2020-2021
23/12/2020,Real Madrid,Granada,2,0,23,10,6,1,2,1,2020-2021
23/12/2020,Alaves,Eibar,2,1,13,8,3,4,4,2,2020-2021
23/12/2020,Betis,Cadiz,1,0,6,6,1,3,1,1,2020-2021
29/12/2020,Sevilla,Villarreal,2,0,10,6,3,2,1,4,2020-2021
29/12/2020,Barcelona,Eibar,1,1,16,9,5,3,0,2,2020-2021
29/12/2020,Cadiz,Valladolid,0,0,8,7,3,1,3,2,2020-2021
29/12/2020,Levante,Betis,4,3,10,19,5,7,3,2,2020-2021
30/12/2020,Granada,Valencia,2,1,24,16,5,6,4,4,2020-2021
30/12/2020,Ath Madrid,Getafe,1,0,10,10,3,2,2,3,2020-2021
30/12/2020,Celta,Huesca,2,1,15,17,6,6,2,0,2020-2021
30/12/2020,Elche,Real Madrid,1,1,6,14,3,6,1,4,2020-2021
31/12/2020,Ath Bilbao,Sociedad,0,1,4,13,0,3,5,4,2020-2021
31/12/2020,Osasuna,Alaves,1,1,8,15,3,1,3,4,2020-2021
02/01/2021,Villarreal,Levante,2,1,12,9,7,2,1,1,2020-2021
02/01/2021,Betis,Sevilla,1,1,16,6,3,2,5,2,2020-2021
02/01/2021,Getafe,Valladolid,0,1,11,8,4,2,3,2,2020-2021
02/01/2021,Real Madrid,Celta,2,0,9,6,2,1,4,2,2020-2021
03/01/2021,Ath Bilbao,Elche,1,0,13,5,2,2,2,1,2020-2021
03/01/2021,Alaves,Ath Madrid,1,2,4,8,1,4,0,2,2020-2021
03/01/2021,Eibar,Granada,2,0,15,6,7,3,2,1,2020-2021
03/01/2021,Sociedad,Osasuna,1,1,8,6,2,2,1,1,2020-2021
03/01/2021,Huesca,Barcelona,0,1,4,20,4,7,1,0,2020-2021
04/01/2021,Valencia,Cadiz,1,1,11,9,4,2,2,2,2020-2021
06/01/2021,Ath Bilbao,Barcelona,2,3,8,13,3,9,2,1,2020-2021
08/01/2021,Celta,Villarreal,0,4,8,15,3,6,1,0,2020-2021
09/01/2021,Sevilla,Sociedad,3,2,12,10,7,4,0,3,2020-2021
09/01/2021,Granada,Barcelona,0,4,8,13,4,4,2,3,2020-2021
09/01/2021,Osasuna,Real Madrid,0,0,8,9,2,1,0,0,2020-2021
10/01/2021,Levante,Eibar,2,1,4,17,2,4,2,0,2020-2021
10/01/2021,Cadiz,Alaves,3,1,10,5,7,2,1,4,2020-2021
10/01/2021,Valladolid,Valencia,0,1,11,17,4,6,2,3,2020-2021
11/01/2021,Elche,Getafe,1,3,7,14,4,7,4,2,2020-2021
11/01/2021,Huesca,Betis,0,2,10,15,3,5,2,2,2020-2021
12/01/2021,Granada,Osasuna,2,0,9,15,2,3,1,4,2020-2021
12/01/2021,Ath Madrid,Sevilla,2,0,5,13,4,2,2,0,2020-2021
19/01/2021,Cadiz,Levante,2,2,8,8,2,5,3,1,2020-2021
19/01/2021,Valladolid,Elche,2,2,13,9,2,3,1,3,2020-2021
19/01/2021,Alaves,Sevilla,1,2,12,7,3,3,3,3,2020-2021
20/01/2021,Getafe,Huesca,1,0,12,15,5,3,2,4,2020-2021
20/01/2021,Betis,Celta,2,1,12,10,4,3,2,3,2020-2021
20/01/2021,Villarreal,Granada,2,2,9,3,3,2,2,4,2020-2021
21/01/2021,Valencia,Osasuna,1,1,10,14,3,5,1,3,2020-2021
21/01/2021,Eibar,Ath Madrid,1,2,12,9,2,4,2,2,2020-2021
22/01/2021,Levante,Valladolid,2,2,11,7,3,3,0,1,2020-2021
23/01/2021,Huesca,Villarreal,0,0,5,8,1,2,3,1,2020-2021
23/01/2021,Sevilla,Cadiz,3,0,15,9,7,3,1,3,2020-2021
23/01/2021,Sociedad,Betis,2,2,12,7,6,4,2,2,2020-2021
23/01/2021,Alaves,Real Madrid,1,4,14,10,4,7,5,3,2020-2021
24/01/2021,Osasuna,Granada,3,1,7,12,4,1,5,4,2020-2021
24/01/2021,Elche,Barcelona,0,2,4,15,2,8,0,2,2020-2021
24/01/2021,Celta,Eibar,1,1,7,9,4,2,4,3,2020-2021
24/01/2021,Ath Madrid,Valencia,3,1,14,8,5,4,2,0,2020-2021
25/01/2021,Ath Bilbao,Getafe,5,1,11,6,8,2,4,4,2020-2021
29/01/2021,Valladolid,Huesca,1,3,14,11,4,5,2,2,2020-2021
30/01/2021,Eibar,Sevilla,0,2,17,7,6,4,4,3,2020-2021
30/01/2021,Real Madrid,Levante,1,2,8,14,2,8,1,2,2020-2021
30/01/2021,Valencia,Elche,1,0,14,10,4,1,1,7,2020-2021
30/01/2021,Villarreal,Sociedad,1,1,4,12,2,3,1,3,2020-2021
31/01/2021,Getafe,Alaves,0,0,5,5,1,1,3,3,2020-2021
31/01/2021,Cadiz,Ath Madrid,2,4,11,9,6,4,1,5,2020-2021
31/01/2021,Granada,Celta,0,0,10,7,5,1,2,4,2020-2021
31/01/2021,Barcelona,Ath Bilbao,2,1,12,7,6,2,2,3,2020-2021
01/02/2021,Betis,Osasuna,1,0,8,15,4,5,1,1,2020-2021
05/02/2021,Alaves,Valladolid,1,0,20,3,5,1,4,4,2020-2021
06/02/2021,Levante,Granada,2,2,11,11,7,5,1,3,2020-2021
06/02/2021,Huesca,Real Madrid,1,2,13,18,2,7,2,1,2020-2021
06/02/2021,Elche,Villarreal,2,2,8,9,2,4,1,2,2020-2021
06/02/2021,Sevilla,Getafe,3,0,17,5,5,1,1,4,2020-2021
07/02/2021,Sociedad,Cadiz,4,1,17,2,6,1,0,2,2020-2021
07/02/2021,Ath Bilbao,Valencia,1,1,11,15,2,2,2,1,2020-2021
07/02/2021,Osasuna,Eibar,2,1,12,12,4,3,0,0,2020-2021
07/02/2021,Betis,Barcelona,2,3,8,12,5,4,1,3,2020-2021
08/02/2021,Ath Madrid,Celta,2,2,9,7,2,2,2,2,2020-2021
09/02/2021,Real Madrid,Getafe,2,0,14,1,4,0,1,1,2020-2021
12/02/2021,Celta,Elche,3,1,9,7,6,2,3,2,2020-2021
13/02/2021,Granada,Ath Madrid,1,2,6,10,1,4,0,5,2020-2021
13/02/2021,Sevilla,Huesca,1,0,14,9,4,5,3,4,2020-2021
13/02/2021,Eibar,Valladolid,1,1,14,5,2,1,2,3,2020-2021
13/02/2021,Barcelona,Alaves,5,1,17,6,9,2,0,2,2020-2021
14/02/2021,Getafe,Sociedad,0,1,4,3,0,2,3,3,2020-2021
14/02/2021,Real Madrid,Valencia,2,0,16,4,7,1,0,3,2020-2021
14/02/2021,Levante,Osasuna,0,1,13,7,4,2,1,2,2020-2021
14/02/2021,Villarreal,Betis,1,2,9,15,5,4,3,2,2020-2021
15/02/2021,Cadiz,Ath Bilbao,0,4,11,13,2,8,3,2,2020-2021
17/02/2021,Levante,Ath Madrid,1,1,7,14,4,6,1,3,2020-2021
19/02/2021,Betis,Getafe,1,0,12,6,5,1,5,4,2020-2021
20/02/2021,Elche,Eibar,1,0,6,13,2,3,2,1,2020-2021
20/02/2021,Ath Madrid,Levante,0,2,28,6,11,1,2,3,2020-2021
20/02/2021,Valencia,Celta,2,0,10,5,3,2,2,3,2020-2021
20/02/2021,Valladolid,Real Madrid,0,1,9,10,5,2,4,2,2020-2021
21/02/2021,Barcelona,Cadiz,1,1,20,3,4,1,0,2,2020-2021
21/02/2021,Sociedad,Alaves,4,0,8,7,4,2,3,2,2020-2021
21/02/2021,Huesca,Granada,3,2,15,8,6,5,3,3,2020-2021
21/02/2021,Ath Bilbao,Villarreal,1,1,18,3,8,2,2,2,2020-2021
22/02/2021,Osasuna,Sevilla,0,2,6,10,0,5,2,2,2020-2021
24/02/2021,Barcelona,Elche,3,0,9,6,5,1,0,0,2020-2021
26/02/2021,Levante,Ath Bilbao,1,1,10,11,4,5,3,1,2020-2021
27/02/2021,Eibar,Huesca,1,1,17,4,3,1,2,2,2020-2021
27/02/2021,Sevilla,Barcelona,0,2,4,9,2,5,5,2,2020-2021
27/02/2021,Alaves,Osasuna,0,1,4,6,1,3,3,4,2020-2021
27/02/2021,Getafe,Valencia,3,0,15,5,4,0,5,2,2020-2021
28/02/2021,Celta,Valladolid,1,1,11,7,2,3,3,5,2020-2021
28/02/2021,Cadiz,Betis,0,1,5,9,3,4,1,2,2020-2021
28/02/2021,Granada,Elche,2,1,13,12,4,4,3,2,2020-2021
28/02/2021,Villarreal,Ath Madrid,0,2,19,6,6,5,2,3,2020-2021
01/03/2021,Real Madrid,Sociedad,1,1,21,6,2,2,0,1,2020-2021
05/03/2021,Valencia,Villarreal,2,1,25,10,4,5,4,3,2020-2021
06/03/2021,Valladolid,Getafe,2,1,4,9,3,2,2,2,2020-2021
06/03/2021,Elche,Sevilla,2,1,6,11,3,3,4,0,2020-2021
06/03/2021,Cadiz,Eibar,1,0,6,16,2,1,2,2,2020-2021
06/03/2021,Osasuna,Barcelona,0,2,10,13,3,6,0,2,2020-2021
07/03/2021,Huesca,Celta,3,4,19,10,7,7,0,2,2020-2021
07/03/2021,Ath Madrid,Real Madrid,1,1,11,18,5,8,5,1,2020-2021
07/03/2021,Sociedad,Levante,1,0,25,6,8,1,0,2,2020-2021
07/03/2021,Ath Bilbao,Granada,2,1,7,13,5,3,2,2,2020-2021
08/03/2021,Betis,Alaves,3,2,23,4,8,3,0,3,2020-2021
10/03/2021,Ath Madrid,Ath Bilbao,2,1,11,4,5,2,2,2,2020-2021
12/03/2021,Levante,Valencia,1,0,11,11,3,2,3,4,2020-2021
13/03/2021,Alaves,Cadiz,1,1,9,9,3,1,3,3,2020-2021
13/03/2021,Real Madrid,Elche,2,1,17,3,4,2,1,1,2020-2021
13/03/2021,Osasuna,Valladolid,0,0,14,12,2,2,2,3,2020-2021
13/03/2021,Getafe,Ath Madrid,0,0,11,15,2,7,1,4,2020-2021
14/03/2021,Celta,Ath Bilbao,0,0,13,6,3,1,3,1,2020-2021
14/03/2021,Granada,Sociedad,1,0,7,7,2,1,2,3,2020-2021
14/03/2021,Eibar,Villarreal,1,3,16,13,7,8,2,2,2020-2021
14/03/2021,Sevilla,Betis,1,0,9,13,3,3,3,5,2020-2021
15/03/2021,Barcelona,Huesca,4,1,12,8,5,4,0,2,2020-2021
17/03/2021,Sevilla,Elche,2,0,13,11,8,5,2,1,2020-2021
19/03/2021,Betis,Levante,2,0,15,7,6,1,2,0,2020-2021
20/03/2021,Ath Bilbao,Eibar,1,1,18,4,4,2,1,1,2020-2021
20/03/2021,Celta,Real Madrid,1,3,8,16,3,4,3,4,2020-2021
20/03/2021,Huesca,Osasuna,0,0,15,7,3,2,1,2,2020-2021
20/03/2021,Valladolid,Sevilla,1,1,3,12,2,4,3,1,2020-2021
21/03/2021,Getafe,Elche,1,1,12,6,5,2,3,7,2020-2021
21/03/2021,Valencia,Granada,2,1,18,15,9,3,0,3,2020-2021
21/03/2021,Villarreal,Cadiz,2,1,13,9,4,3,3,3,2020-2021
21/03/2021,Ath Madrid,Alaves,1,0,8,9,4,3,3,3,2020-2021
21/03/2021,Sociedad,Barcelona,1,6,10,14,5,10,3,2,2020-2021
02/04/2021,Levante,Huesca,0,2,13,6,3,2,2,2,2020-2021
03/04/2021,Granada,Villarreal,0,3,6,15,2,6,2,2,2020-2021
03/04/2021,Real Madrid,Eibar,2,0,21,10,8,4,0,2,2020-2021
03/04/2021,Osasuna,Getafe,0,0,4,6,1,2,2,3,2020-2021
04/04/2021,Alaves,Celta,1,3,17,8,7,6,4,5,2020-2021
04/04/2021,Elche,Betis,1,1,7,13,3,3,1,4,2020-2021
04/04/2021,Cadiz,Valencia,2,1,6,12,2,6,2,2,2020-2021
04/04/2021,Sevilla,Ath Madrid,1,0,18,9,5,4,2,4,2020-2021
05/04/2021,Barcelona,Valladolid,1,0,25,7,10,2,3,3,2020-2021
07/04/2021,Sociedad,Ath Bilbao,1,1,12,11,2,2,3,1,2020-2021
09/04/2021,Huesca,Elche,3,1,8,8,5,2,2,2,2020-2021
10/04/2021,Getafe,Cadiz,0,1,19,8,4,3,3,2,2020-2021
10/04/2021,Ath Bilbao,Alaves,0,0,11,9,4,0,2,2,2020-2021
10/04/2021,Eibar,Levante,0,1,10,6,4,1,3,2,2020-2021
10/04/2021,Real Madrid,Barcelona,2,1,14,18,3,4,3,4,2020-2021
11/04/2021,Villarreal,Osasuna,1,2,15,12,6,4,0,0,2020-2021
11/04/2021,Valencia,Sociedad,2,2,9,16,2,5,6,4,2020-2021
11/04/2021,Valladolid,Granada,1,2,7,12,3,6,4,2,2020-2021
11/04/2021,Betis,Ath Madrid,1,1,8,10,4,4,0,0,2020-2021
12/04/2021,Celta,Sevilla,3,4,12,13,5,6,3,2,2020-2021
18/04/2021,Osasuna,Elche,2,0,9,8,3,2,2,1,2020-2021
18/04/2021,Sociedad,Sevilla,1,2,5,15,2,7,3,2,2020-2021
18/04/2021,Alaves,Huesca,1,0,10,9,2,1,1,2,2020-2021
18/04/2021,Ath Madrid,Eibar,5,0,10,0,7,0,0,1,2020-2021
18/04/2021,Betis,Valencia,2,2,9,9,5,3,3,1,2020-2021
18/04/2021,Cadiz,Celta,0,0,5,11,2,4,0,1,2020-2021
18/04/2021,Getafe,Real Madrid,0,0,19,10,6,2,3,1,2020-2021
18/04/2021,Levante,Villarreal,1,5,12,14,3,7,2,1,2020-2021
21/04/2021,Levante,Sevilla,0,1,6,10,1,3,4,1,2020-2021
21/04/2021,Osasuna,Valencia,3,1,18,10,9,5,1,2,2020-2021
21/04/2021,Betis,Ath Bilbao,0,0,6,16,2,4,3,2,2020-2021
21/04/2021,Alaves,Villarreal,2,1,9,10,4,5,2,1,2020-2021
21/04/2021,Elche,Valladolid,1,1,9,12,3,4,5,3,2020-2021
21/04/2021,Cadiz,Real Madrid,0,3,14,14,3,4,4,3,2020-2021
22/04/2021,Ath Madrid,Huesca,2,0,18,5,12,2,2,0,2020-2021
22/04/2021,Granada,Eibar,4,1,8,16,4,3,1,1,2020-2021
22/04/2021,Sociedad,Celta,2,1,7,10,3,3,4,5,2020-2021
22/04/2021,Barcelona,Getafe,5,2,9,5,6,1,2,0,2020-2021
24/04/2021,Elche,Levante,1,0,8,6,3,1,3,4,2020-2021
24/04/2021,Valladolid,Cadiz,1,1,13,6,6,2,1,3,2020-2021
24/04/2021,Valencia,Alaves,1,1,9,6,2,2,4,0,2020-2021
24/04/2021,Real Madrid,Betis,0,0,17,6,5,2,1,2,2020-2021
25/04/2021,Huesca,Getafe,0,2,8,6,1,4,2,4,2020-2021
25/04/2021,Villarreal,Barcelona,1,2,10,15,4,5,2,3,2020-2021
25/04/2021,Celta,Osasuna,2,1,7,12,2,3,1,4,2020-2021
25/04/2021,Sevilla,Granada,2,1,10,4,4,2,2,3,2020-2021
25/04/2021,Ath Bilbao,Ath Madrid,2,1,11,14,3,3,4,2,2020-2021
26/04/2021,Eibar,Sociedad,0,1,14,5,5,2,5,1,2020-2021
28/04/2021,Ath Bilbao,Valladolid,2,2,13,14,7,4,1,1,2020-2021
29/04/2021,Barcelona,Granada,1,2,16,6,4,2,0,4,2020-2021
30/04/2021,Celta,Levante,2,0,8,10,5,2,2,2,2020-2021
01/05/2021,Eibar,Alaves,3,0,15,6,4,2,0,2,2020-2021
01/05/2021,Elche,Ath Madrid,0,1,6,11,1,4,3,3,2020-2021
01/05/2021,Huesca,Sociedad,1,0,10,7,3,3,2,2,2020-2021
01/05/2021,Real Madrid,Osasuna,2,0,22,3,6,2,0,2,2020-2021
02/05/2021,Valladolid,Betis,1,1,10,11,2,4,2,5,2020-2021
02/05/2021,Villarreal,Getafe,1,0,4,15,3,3,1,2,2020-2021
02/05/2021,Granada,Cadiz,0,1,9,8,2,4,7,2,2020-2021
02/05/2021,Valencia,Barcelona,2,3,9,14,4,7,2,1,2020-2021
03/05/2021,Sevilla,Ath Bilbao,0,1,18,8,3,2,1,0,2020-2021
07/05/2021,Sociedad,Elche,2,0,16,1,3,0,1,3,2020-2021
08/05/2021,Alaves,Levante,2,2,15,6,5,3,2,1,2020-2021
08/05/2021,Barcelona,Ath Madrid,0,0,12,11,7,6,3,3,2020-2021
08/05/2021,Cadiz,Huesca,2,1,11,13,1,5,4,0,2020-2021
08/05/2021,Ath Bilbao,Osasuna,2,2,13,13,3,4,1,2,2020-2021
09/05/2021,Getafe,Eibar,0,1,10,7,2,3,1,2,2020-2021
09/05/2021,Valencia,Valladolid,3,0,6,19,3,2,0,0,2020-2021
09/05/2021,Villarreal,Celta,2,4,16,11,7,6,3,3,2020-2021
09/05/2021,Real Madrid,Sevilla,2,2,16,7,6,3,1,2,2020-2021
10/05/2021,Betis,Granada,2,1,14,11,6,5,2,4,2020-2021
11/05/2021,Osasuna,Cadiz,3,2,14,10,4,4,2,2,2020-2021
11/05/2021,Elche,Alaves,0,2,11,9,4,2,2,4,2020-2021
11/05/2021,Levante,Barcelona,3,3,16,17,6,5,2,2,2020-2021
12/05/2021,Sevilla,Valencia,1,0,10,6,4,2,2,2,2020-2021
12/05/2021,Celta,Getafe,1,0,4,13,1,4,1,3,2020-2021
12/05/2021,Huesca,Ath Bilbao,1,0,18,4,6,3,0,1,2020-2021
12/05/2021,Ath Madrid,Sociedad,2,1,12,14,4,7,0,0,2020-2021
13/05/2021,Valladolid,Villarreal,0,2,11,9,2,3,3,1,2020-2021
13/05/2021,Eibar,Betis,1,1,14,9,4,4,3,1,2020-2021
13/05/2021,Granada,Real Madrid,1,4,10,16,5,7,3,3,2020-2021
16/05/2021,Alaves,Granada,4,2,14,5,9,2,2,4,2020-2021
16/05/2021,Ath Bilbao,Real Madrid,0,1,8,11,1,2,3,2,2020-2021
16/05/2021,Ath Madrid,Osasuna,2,1,26,5,9,2,1,2,2020-2021
16/05/2021,Barcelona,Celta,1,2,20,4,4,4,3,2,2020-2021
16/05/2021,Betis,Huesca,1,0,10,7,2,0,1,5,2020-2021
16/05/2021,Cadiz,Elche,1,3,7,20,3,5,3,4,2020-2021
16/05/2021,Getafe,Levante,2,1,9,5,3,1,5,0,2020-2021
16/05/2021,Sociedad,Valladolid,4,1,13,19,8,5,2,4,2020-2021
16/05/2021,Valencia,Eibar,4,1,9,20,5,8,0,0,2020-2021
16/05/2021,Villarreal,Sevilla,4,0,12,17,5,5,0,3,2020-2021
21/05/2021,Levante,Cadiz,2,2,17,6,4,2,0,2,2020-2021
22/05/2021,Celta,Betis,2,3,11,11,4,5,6,7,2020-2021
22/05/2021,Eibar,Barcelona,0,1,17,7,3,3,0,3,2020-2021
22/05/2021,Elche,Ath Bilbao,2,0,8,8,3,2,3,0,2020-2021
22/05/2021,Huesca,Valencia,0,0,23,11,8,4,2,1,2020-2021
22/05/2021,Osasuna,Sociedad,0,1,7,11,1,1,1,0,2020-2021
22/05/2021,Real Madrid,Villarreal,2,1,14,6,4,2,0,0,2020-2021
22/05/2021,Valladolid,Ath Madrid,1,2,10,14,4,3,4,6,2020-2021
23/05/2021,Granada,Getafe,0,0,9,11,3,2,4,2,2020-2021
23/05/2021,Sevilla,Alaves,1,0,11,11,2,2,1,0,2020-2021
13/08/2021,Valencia,Getafe,1,0,4,22,2,4,6,3,2021-2022
14/08/2021,Cadiz,Levante,1,1,7,12,2,3,1,5,2021-2022
14/08/2021,Mallorca,Betis,1,1,6,10,2,1,1,3,2021-2022
14/08/2021,Alaves,Real Madrid,1,4,11,19,4,7,1,2,2021-2022
14/08/2021,Osasuna,Espanol,0,0,14,10,1,3,3,3,2021-2022
15/08/2021,Celta,Ath Madrid,1,2,10,13,2,4,4,5,2021-2022
15/08/2021,Barcelona,Sociedad,4,2,13,11,8,3,2,4,2021-2022
15/08/2021,Sevilla,Vallecano,3,0,21,4,8,3,1,0,2021-2022
16/08/2021,Villarreal,Granada,0,0,14,6,4,1,5,1,2021-2022
16/08/2021,Elche,Ath Bilbao,0,0,8,9,2,3,2,2,2021-2022
20/08/2021,Betis,Cadiz,1,1,16,8,7,3,4,0,2021-2022
21/08/2021,Alaves,Mallorca,0,1,9,12,4,2,3,3,2021-2022
21/08/2021,Espanol,Villarreal,0,0,14,12,3,2,3,4,2021-2022
21/08/2021,Granada,Valencia,1,1,9,18,2,7,4,2,2021-2022
21/08/2021,Ath Bilbao,Barcelona,1,1,16,9,7,3,1,2,2021-2022
22/08/2021,Sociedad,Vallecano,1,0,13,9,8,1,3,4,2021-2022
22/08/2021,Ath Madrid,Elche,1,0,8,4,4,2,2,2,2021-2022
22/08/2021,Levante,Real Madrid,3,3,8,19,4,5,3,2,2021-2022
23/08/2021,Getafe,Sevilla,0,1,12,9,0,3,2,2,2021-2022
23/08/2021,Osasuna,Celta,0,0,15,4,7,0,4,3,2021-2022
27/08/2021,Mallorca,Espanol,1,0,12,8,6,3,4,3,2021-2022
27/08/2021,Valencia,Alaves,3,0,9,10,4,3,1,4,2021-2022
28/08/2021,Celta,Ath Bilbao,0,1,13,6,0,2,2,1,2021-2022
28/08/2021,Elche,Sevilla,1,1,7,18,4,5,2,0,2021-2022
28/08/2021,Sociedad,Levante,1,0,7,6,2,0,1,1,2021-2022
28/08/2021,Betis,Real Madrid,0,1,11,13,6,3,5,3,2021-2022
29/08/2021,Barcelona,Getafe,2,1,7,8,3,3,3,1,2021-2022
29/08/2021,Cadiz,Osasuna,2,3,7,14,3,4,4,0,2021-2022
29/08/2021,Vallecano,Granada,4,0,19,9,6,3,1,4,2021-2022
29/08/2021,Ath Madrid,Villarreal,2,2,24,2,5,2,4,2,2021-2022
11/09/2021,Levante,Vallecano,1,1,7,22,2,6,3,4,2021-2022
11/09/2021,Ath Bilbao,Mallorca,2,0,19,7,5,1,1,2,2021-2022
12/09/2021,Espanol,Ath Madrid,1,2,9,13,3,3,1,4,2021-2022
12/09/2021,Osasuna,Valencia,1,4,11,10,2,4,4,2,2021-2022
12/09/2021,Cadiz,Sociedad,0,2,6,16,1,4,4,0,2021-2022
12/09/2021,Real Madrid,Celta,5,2,15,11,11,4,2,3,2021-2022
13/09/2021,Getafe,Elche,0,1,10,8,1,3,2,3,2021-2022
13/09/2021,Granada,Betis,1,2,11,19,2,9,1,2,2021-2022
17/09/2021,Celta,Cadiz,1,2,14,7,4,3,3,3,2021-2022
18/09/2021,Vallecano,Getafe,3,0,11,13,5,3,6,7,2021-2022
18/09/2021,Ath Madrid,Ath Bilbao,0,0,14,6,2,0,6,2,2021-2022
18/09/2021,Elche,Levante,1,1,9,11,2,6,2,2,2021-2022
18/09/2021,Alaves,Osasuna,0,2,8,13,3,5,4,3,2021-2022
19/09/2021,Mallorca,Villarreal,0,0,10,11,1,3,2,3,2021-2022
19/09/2021,Sociedad,Sevilla,0,0,11,11,4,4,2,3,2021-2022
19/09/2021,Betis,Espanol,2,2,23,11,9,4,4,4,2021-2022
19/09/2021,Valencia,Real Madrid,1,2,12,18,4,10,1,5,2021-2022
20/09/2021,Barcelona,Granada,1,1,17,5,6,2,3,6,2021-2022
21/09/2021,Getafe,Ath Madrid,1,2,7,12,2,4,4,5,2021-2022
21/09/2021,Ath Bilbao,Vallecano,1,2,8,8,1,3,3,3,2021-2022
21/09/2021,Levante,Celta,0,2,6,4,2,2,3,2,2021-2022
22/09/2021,Espanol,Alaves,1,0,10,8,2,2,2,1,2021-2022
22/09/2021,Sevilla,Valencia,3,1,11,8,5,3,5,3,2021-2022
22/09/2021,Real Madrid,Mallorca,6,1,18,17,12,5,2,1,2021-2022
22/09/2021,Villarreal,Elche,4,1,14,9,9,3,1,2,2021-2022
23/09/2021,Granada,Sociedad,2,3,10,20,2,11,5,1,2021-2022
23/09/2021,Osasuna,Betis,1,3,11,16,3,9,2,0,2021-2022
23/09/2021,Cadiz,Barcelona,0,0,13,6,3,2,3,4,2021-2022
25/09/2021,Alaves,Ath Madrid,1,0,7,13,1,1,2,3,2021-2022
25/09/2021,Valencia,Ath Bilbao,1,1,13,12,6,4,5,2,2021-2022
25/09/2021,Sevilla,Espanol,2,0,12,13,5,2,4,0,2021-2022
25/09/2021,Real Madrid,Villarreal,0,0,15,6,2,2,1,2,2021-2022
26/09/2021,Mallorca,Osasuna,2,3,17,12,8,6,2,3,2021-2022
26/09/2021,Barcelona,Levante,3,0,20,6,12,2,1,3,2021-2022
26/09/2021,Sociedad,Elche,1,0,17,5,5,2,1,3,2021-2022
26/09/2021,Vallecano,Cadiz,3,1,13,6,6,1,2,4,2021-2022
26/09/2021,Betis,Getafe,2,0,20,8,5,3,1,3,2021-2022
27/09/2021,Celta,Granada,1,0,14,7,5,4,2,7,2021-2022
01/10/2021,Ath Bilbao,Alaves,1,0,16,17,5,5,3,2,2021-2022
02/10/2021,Osasuna,Vallecano,1,0,7,7,3,0,3,3,2021-2022
02/10/2021,Mallorca,Levante,1,0,9,6,7,2,4,4,2021-2022
02/10/2021,Cadiz,Valencia,0,0,2,16,1,4,3,4,2021-2022
02/10/2021,Ath Madrid,Barcelona,2,0,6,9,3,2,2,1,2021-2022
03/10/2021,Elche,Celta,1,0,12,10,5,1,4,3,2021-2022
03/10/2021,Espanol,Real Madrid,2,1,8,18,4,4,2,1,2021-2022
03/10/2021,Getafe,Sociedad,1,1,9,10,2,5,4,2,2021-2022
03/10/2021,Villarreal,Betis,2,0,11,10,5,3,2,4,2021-2022
03/10/2021,Granada,Sevilla,1,0,3,14,1,3,3,4,2021-2022
16/10/2021,Levante,Getafe,0,0,6,14,2,4,3,3,2021-2022
16/10/2021,Sociedad,Mallorca,1,0,10,7,2,1,3,3,2021-2022
17/10/2021,Vallecano,Elche,2,1,10,7,4,3,2,2,2021-2022
17/10/2021,Celta,Sevilla,0,1,14,8,3,2,2,3,2021-2022
17/10/2021,Villarreal,Osasuna,1,2,11,6,6,2,1,5,2021-2022
17/10/2021,Barcelona,Valencia,3,1,12,9,5,3,2,3,2021-2022
18/10/2021,Alaves,Betis,0,1,14,19,2,4,1,1,2021-2022
18/10/2021,Espanol,Cadiz,2,0,14,13,6,2,1,0,2021-2022
22/10/2021,Osasuna,Granada,1,1,17,9,6,4,1,3,2021-2022
23/10/2021,Valencia,Mallorca,2,2,20,9,6,4,4,5,2021-2022
23/10/2021,Cadiz,Alaves,0,2,23,8,4,4,0,2,2021-2022
23/10/2021,Elche,Espanol,2,2,12,20,7,7,3,1,2021-2022
23/10/2021,Ath Bilbao,Villarreal,2,1,14,11,7,3,0,3,2021-2022
24/10/2021,Sevilla,Levante,5,3,18,12,11,7,1,2,2021-2022
24/10/2021,Barcelona,Real Madrid,1,2,12,10,2,5,1,1,2021-2022
24/10/2021,Betis,Vallecano,3,2,11,14,5,3,1,2,2021-2022
24/10/2021,Ath Madrid,Sociedad,2,2,17,8,4,4,1,3,2021-2022
25/10/2021,Getafe,Celta,0,3,11,16,2,8,2,2,2021-2022
26/10/2021,Alaves,Elche,1,0,16,4,5,1,1,1,2021-2022
26/10/2021,Espanol,Ath Bilbao,1,1,14,23,3,7,1,2,2021-2022
26/10/2021,Villarreal,Cadiz,3,3,14,9,5,4,3,6,2021-2022
27/10/2021,Mallorca,Sevilla,1,1,11,10,4,3,3,6,2021-2022
27/10/2021,Vallecano,Barcelona,1,0,13,16,3,1,2,2,2021-2022
27/10/2021,Betis,Valencia,4,1,14,10,9,4,2,5,2021-2022
27/10/2021,Real Madrid,Osasuna,0,0,17,7,3,0,1,1,2021-2022
28/10/2021,Celta,Sociedad,0,2,14,11,6,4,1,0,2021-2022
28/10/2021,Granada,Getafe,1,1,18,6,3,4,1,4,2021-2022
28/10/2021,Levante,Ath Madrid,2,2,10,7,3,3,3,5,2021-2022
30/10/2021,Elche,Real Madrid,1,2,13,17,4,5,2,0,2021-2022
30/10/2021,Sevilla,Osasuna,2,0,16,10,4,3,2,2,2021-2022
30/10/2021,Valencia,Villarreal,2,0,9,11,3,1,2,4,2021-2022
30/10/2021,Barcelona,Alaves,1,1,16,3,5,2,0,2,2021-2022
31/10/2021,Cadiz,Mallorca,1,1,13,11,2,5,3,7,2021-2022
31/10/2021,Ath Madrid,Betis,3,0,18,8,9,1,0,0,2021-2022
31/10/2021,Getafe,Espanol,2,1,12,10,7,3,7,4,2021-2022
31/10/2021,Sociedad,Ath Bilbao,1,1,8,11,3,5,4,3,2021-2022
01/11/2021,Vallecano,Celta,0,0,11,10,5,4,2,5,2021-2022
01/11/2021,Levante,Granada,0,3,12,12,3,6,4,2,2021-2022
05/11/2021,Ath Bilbao,Cadiz,0,1,15,8,5,4,2,1,2021-2022
06/11/2021,Espanol,Granada,2,0,17,18,6,5,1,1,2021-2022
06/11/2021,Celta,Barcelona,3,3,18,10,4,6,3,6,2021-2022
06/11/2021,Alaves,Levante,2,1,10,12,3,7,3,3,2021-2022
06/11/2021,Real Madrid,Vallecano,2,1,15,19,7,7,1,2,2021-2022
07/11/2021,Villarreal,Getafe,1,0,10,5,4,2,1,1,2021-2022
07/11/2021,Valencia,Ath Madrid,3,3,11,13,5,7,2,2,2021-2022
07/11/2021,Mallorca,Elche,2,2,18,7,6,2,2,3,2021-2022
07/11/2021,Osasuna,Sociedad,0,2,6,9,2,4,0,2,2021-2022
07/11/2021,Betis,Sevilla,0,2,8,11,1,2,3,1,2021-2022
19/11/2021,Levante,Ath Bilbao,0,0,15,7,2,2,2,1,2021-2022
20/11/2021,Celta,Villarreal,1,1,12,18,3,6,1,1,2021-2022
20/11/2021,Sevilla,Alaves,2,2,16,8,6,3,4,4,2021-2022
20/11/2021,Ath Madrid,Osasuna,1,0,15,9,2,3,2,2,2021-2022
20/11/2021,Barcelona,Espanol,1,0,16,12,6,2,4,2,2021-2022
21/11/2021,Getafe,Cadiz,4,0,17,10,8,2,2,4,2021-2022
21/11/2021,Granada,Real Madrid,1,4,11,21,3,10,1,1,2021-2022
21/11/2021,Elche,Betis,0,3,14,9,4,4,1,2,2021-2022
21/11/2021,Sociedad,Valencia,0,0,9,8,2,3,4,7,2021-2022
22/11/2021,Vallecano,Mallorca,3,1,15,11,6,5,3,2,2021-2022
26/11/2021,Ath Bilbao,Granada,2,2,17,8,5,4,1,1,2021-2022
27/11/2021,Alaves,Celta,1,2,13,8,5,5,3,2,2021-2022
27/11/2021,Valencia,Vallecano,1,1,8,12,4,6,6,5,2021-2022
27/11/2021,Mallorca,Getafe,0,0,12,11,2,0,3,0,2021-2022
27/11/2021,Villarreal,Barcelona,1,3,14,12,2,6,2,2,2021-2022
28/11/2021,Betis,Levante,3,1,26,8,8,2,2,3,2021-2022
28/11/2021,Espanol,Sociedad,1,0,8,10,2,4,1,1,2021-2022
28/11/2021,Cadiz,Ath Madrid,1,4,8,17,0,7,2,0,2021-2022
28/11/2021,Real Madrid,Sevilla,2,1,14,11,4,6,3,3,2021-2022
29/11/2021,Osasuna,Elche,1,1,17,10,4,4,1,3,2021-2022
01/12/2021,Real Madrid,Ath Bilbao,1,0,17,18,7,2,2,3,2021-2022
03/12/2021,Granada,Alaves,2,1,9,14,2,2,2,2,2021-2022
04/12/2021,Sevilla,Villarreal,1,0,8,16,3,2,2,2,2021-2022
04/12/2021,Barcelona,Betis,0,1,12,8,3,2,1,2,2021-2022
04/12/2021,Ath Madrid,Mallorca,1,2,14,10,6,3,2,5,2021-2022
04/12/2021,Sociedad,Real Madrid,0,2,11,13,0,8,2,0,2021-2022
05/12/2021,Vallecano,Espanol,1,0,7,10,0,3,3,3,2021-2022
05/12/2021,Elche,Cadiz,3,1,8,15,3,6,7,3,2021-2022
05/12/2021,Levante,Osasuna,0,0,11,11,3,1,2,3,2021-2022
05/12/2021,Celta,Valencia,1,2,11,8,5,5,3,2,2021-2022
06/12/2021,Getafe,Ath Bilbao,0,0,17,9,5,3,2,1,2021-2022
10/12/2021,Mallorca,Celta,0,0,12,14,1,5,3,2,2021-2022
11/12/2021,Espanol,Levante,4,3,17,14,8,5,4,4,2021-2022
11/12/2021,Alaves,Getafe,1,1,9,11,1,2,4,4,2021-2022
11/12/2021,Valencia,Elche,2,1,21,8,8,4,3,2,2021-2022
11/12/2021,Ath Bilbao,Sevilla,0,1,13,6,2,1,4,3,2021-2022
12/12/2021,Villarreal,Vallecano,2,0,13,19,5,7,1,3,2021-2022
12/12/2021,Osasuna,Barcelona,2,2,8,10,3,2,5,4,2021-2022
12/12/2021,Betis,Sociedad,4,0,11,15,5,5,3,1,2021-2022
12/12/2021,Real Madrid,Ath Madrid,2,0,7,9,3,6,2,3,2021-2022
13/12/2021,Cadiz,Granada,1,1,13,16,3,5,5,0,2021-2022
17/12/2021,Celta,Espanol,3,1,12,6,5,3,2,1,2021-2022
18/12/2021,Vallecano,Alaves,2,0,20,6,5,4,1,2,2021-2022
18/12/2021,Sociedad,Villarreal,1,3,8,15,4,8,2,3,2021-2022
18/12/2021,Barcelona,Elche,3,2,19,5,8,3,1,3,2021-2022
18/12/2021,Sevilla,Ath Madrid,2,1,6,15,2,3,2,1,2021-2022
19/12/2021,Granada,Mallorca,4,1,15,8,6,5,3,2,2021-2022
19/12/2021,Ath Bilbao,Betis,3,2,9,16,6,8,1,3,2021-2022
19/12/2021,Getafe,Osasuna,1,0,18,11,4,2,3,1,2021-2022
19/12/2021,Real Madrid,Cadiz,0,0,36,4,9,0,1,1,2021-2022
20/12/2021,Levante,Valencia,3,4,15,15,9,8,3,4,2021-2022
21/12/2021,Villarreal,Alaves,5,2,24,4,10,2,0,2,2021-2022
21/12/2021,Sevilla,Barcelona,1,1,5,23,1,7,2,3,2021-2022
22/12/2021,Granada,Ath Madrid,2,1,6,15,4,3,4,1,2021-2022
22/12/2021,Ath Bilbao,Real Madrid,1,2,15,12,2,7,2,2,2021-2022
31/12/2021,Valencia,Espanol,1,2,12,15,2,4,7,3,2021-2022
02/01/2022,Getafe,Real Madrid,1,0,6,14,3,4,3,2,2021-2022
02/01/2022,Ath Madrid,Vallecano,2,0,15,5,5,0,3,0,2021-2022
02/01/2022,Elche,Granada,0,0,18,10,2,5,3,3,2021-2022
02/01/2022,Alaves,Sociedad,1,1,19,10,5,4,3,3,2021-2022
02/01/2022,Betis,Celta,0,2,18,7,7,5,1,2,2021-2022
02/01/2022,Mallorca,Barcelona,0,1,13,13,3,4,5,2,2021-2022
03/01/2022,Villarreal,Levante,5,0,17,7,7,3,3,2,2021-2022
03/01/2022,Osasuna,Ath Bilbao,1,3,15,17,4,5,5,2,2021-2022
03/01/2022,Cadiz,Sevilla,0,1,9,14,2,4,0,1,2021-2022
08/01/2022,Levante,Mallorca,2,0,16,15,8,8,3,1,2021-2022
08/01/2022,Sociedad,Celta,1,0,12,4,3,0,3,3,2021-2022
08/01/2022,Granada,Barcelona,1,1,14,13,4,1,2,5,2021-2022
08/01/2022,Real Madrid,Valencia,4,1,23,12,8,7,3,3,2021-2022
09/01/2022,Vallecano,Betis,1,1,17,9,7,5,1,3,2021-2022
09/01/2022,Sevilla,Getafe,1,0,10,4,1,2,1,3,2021-2022
09/01/2022,Alaves,Ath Bilbao,0,0,12,10,1,2,2,0,2021-2022
09/01/2022,Osasuna,Cadiz,2,0,15,6,5,1,2,2,2021-2022
09/01/2022,Villarreal,Ath Madrid,2,2,13,7,3,5,0,2,2021-2022
10/01/2022,Espanol,Elche,1,2,8,3,3,2,4,6,2021-2022
16/01/2022,Elche,Villarreal,1,0,5,9,2,4,4,3,2021-2022
18/01/2022,Betis,Alaves,4,0,18,9,5,2,2,0,2021-2022
18/01/2022,Cadiz,Espanol,2,2,10,14,4,7,5,1,2021-2022
19/01/2022,Celta,Osasuna,2,0,5,9,3,0,1,2,2021-2022
19/01/2022,Valencia,Sevilla,1,1,10,12,2,3,3,3,2021-2022
20/01/2022,Getafe,Granada,4,2,12,7,4,4,3,4,2021-2022
21/01/2022,Espanol,Betis,1,4,12,15,4,8,3,4,2021-2022
22/01/2022,Levante,Cadiz,0,2,15,8,8,2,4,6,2021-2022
22/01/2022,Villarreal,Mallorca,3,0,12,8,6,2,1,2,2021-2022
22/01/2022,Sevilla,Celta,2,2,16,6,5,4,1,4,2021-2022
22/01/2022,Ath Madrid,Valencia,3,2,16,7,6,3,5,6,2021-2022
23/01/2022,Granada,Osasuna,0,2,6,16,2,7,0,2,2021-2022
23/01/2022,Real Madrid,Elche,2,2,23,3,8,2,3,1,2021-2022
23/01/2022,Sociedad,Getafe,0,0,9,9,3,2,1,1,2021-2022
23/01/2022,Vallecano,Ath Bilbao,0,1,29,9,3,3,1,6,2021-2022
23/01/2022,Alaves,Barcelona,0,1,6,10,2,4,0,0,2021-2022
04/02/2022,Getafe,Levante,3,0,14,11,8,2,4,3,2021-2022
05/02/2022,Elche,Alaves,3,1,14,6,4,2,1,1,2021-2022
05/02/2022,Mallorca,Cadiz,2,1,17,12,5,5,2,4,2021-2022
05/02/2022,Celta,Vallecano,2,0,13,11,3,0,0,2,2021-2022
05/02/2022,Osasuna,Sevilla,0,0,9,9,3,4,1,1,2021-2022
06/02/2022,Valencia,Sociedad,0,0,14,8,3,2,4,2,2021-2022
06/02/2022,Barcelona,Ath Madrid,4,2,9,10,4,4,2,2,2021-2022
06/02/2022,Betis,Villarreal,0,2,9,9,3,3,2,3,2021-2022
06/02/2022,Real Madrid,Granada,1,0,24,7,11,3,2,1,2021-2022
07/02/2022,Ath Bilbao,Espanol,2,1,7,7,4,3,3,3,2021-2022
11/02/2022,Sevilla,Elche,2,0,14,7,6,1,1,5,2021-2022
12/02/2022,Cadiz,Celta,0,0,8,6,2,1,3,2,2021-2022
12/02/2022,Villarreal,Real Madrid,0,0,9,17,2,6,2,4,2021-2022
12/02/2022,Vallecano,Osasuna,0,3,10,12,3,5,2,1,2021-2022
12/02/2022,Ath Madrid,Getafe,4,3,11,10,7,4,3,4,2021-2022
13/02/2022,Alaves,Valencia,2,1,9,9,5,4,4,3,2021-2022
13/02/2022,Levante,Betis,2,4,12,19,4,11,1,2,2021-2022
13/02/2022,Sociedad,Granada,2,0,18,15,8,2,0,2,2021-2022
13/02/2022,Espanol,Barcelona,2,2,10,12,4,4,5,4,2021-2022
14/02/2022,Mallorca,Ath Bilbao,3,2,16,7,5,2,6,4,2021-2022
16/02/2022,Ath Madrid,Levante,0,1,10,8,1,5,3,4,2021-2022
18/02/2022,Elche,Vallecano,2,1,9,13,5,2,2,4,2021-2022
19/02/2022,Granada,Villarreal,1,4,20,15,5,7,3,6,2021-2022
19/02/2022,Osasuna,Ath Madrid,0,3,14,5,4,4,1,2,2021-2022
19/02/2022,Cadiz,Getafe,1,1,9,6,2,1,3,4,2021-2022
19/02/2022,Real Madrid,Alaves,3,0,22,7,9,2,1,1,2021-2022
20/02/2022,Espanol,Sevilla,1,1,11,7,4,2,4,5,2021-2022
20/02/2022,Valencia,Barcelona,1,4,11,6,5,6,3,4,2021-2022
20/02/2022,Betis,Mallorca,2,1,14,10,5,1,3,2,2021-2022
20/02/2022,Ath Bilbao,Sociedad,4,0,18,9,8,2,4,1,2021-2022
21/02/2022,Celta,Levante,1,1,8,13,4,3,3,5,2021-2022
25/02/2022,Levante,Elche,3,0,11,8,4,3,1,2,2021-2022
26/02/2022,Mallorca,Valencia,0,1,23,8,3,4,4,6,2021-2022
26/02/2022,Getafe,Alaves,2,2,12,7,3,3,2,4,2021-2022
26/02/2022,Vallecano,Real Madrid,0,1,19,13,5,6,5,3,2021-2022
26/02/2022,Ath Madrid,Celta,2,0,13,16,6,2,4,3,2021-2022
27/02/2022,Villarreal,Espanol,5,1,19,7,11,2,2,1,2021-2022
27/02/2022,Sevilla,Betis,2,1,12,10,3,2,6,3,2021-2022
27/02/2022,Sociedad,Osasuna,1,0,11,11,5,1,0,4,2021-2022
27/02/2022,Barcelona,Ath Bilbao,4,0,17,6,7,3,2,1,2021-2022
28/02/2022,Granada,Cadiz,0,0,6,12,1,4,3,3,2021-2022
02/03/2022,Mallorca,Sociedad,0,2,13,13,1,3,0,2,2021-2022
04/03/2022,Alaves,Sevilla,0,0,14,13,2,4,3,1,2021-2022
05/03/2022,Osasuna,Villarreal,1,0,12,10,3,1,1,0,2021-2022
05/03/2022,Espanol,Getafe,2,0,4,12,1,3,6,5,2021-2022
05/03/2022,Valencia,Granada,3,1,12,7,4,0,3,3,2021-2022
05/03/2022,Real Madrid,Sociedad,4,1,18,1,8,1,0,2,2021-2022
06/03/2022,Cadiz,Vallecano,2,0,13,14,7,3,5,3,2021-2022
06/03/2022,Elche,Barcelona,1,2,13,20,3,9,2,6,2021-2022
06/03/2022,Celta,Mallorca,4,3,16,12,8,3,5,4,2021-2022
06/03/2022,Betis,Ath Madrid,1,3,18,8,6,6,5,3,2021-2022
07/03/2022,Ath Bilbao,Levante,3,1,17,5,9,2,1,2,2021-2022
11/03/2022,Ath Madrid,Cadiz,2,1,6,14,5,3,4,1,2021-2022
12/03/2022,Levante,Espanol,1,1,14,6,3,1,4,4,2021-2022
12/03/2022,Granada,Elche,0,1,15,13,4,2,3,6,2021-2022
12/03/2022,Villarreal,Celta,1,0,10,12,3,2,1,1,2021-2022
12/03/2022,Getafe,Valencia,0,0,16,6,6,0,6,5,2021-2022
13/03/2022,Vallecano,Sevilla,1,1,10,3,2,2,0,1,2021-2022
13/03/2022,Betis,Ath Bilbao,1,0,8,11,5,2,4,5,2021-2022
13/03/2022,Sociedad,Alaves,1,0,15,13,6,4,1,1,2021-2022
13/03/2022,Barcelona,Osasuna,4,0,24,4,9,3,0,4,2021-2022
14/03/2022,Mallorca,Real Madrid,0,3,14,11,3,5,3,3,2021-2022
18/03/2022,Ath Bilbao,Getafe,1,1,22,7,11,2,4,5,2021-2022
19/03/2022,Alaves,Granada,2,3,11,12,6,3,4,6,2021-2022
19/03/2022,Elche,Valencia,0,1,8,8,2,3,3,3,2021-2022
19/03/2022,Osasuna,Levante,3,1,20,13,7,4,0,1,2021-2022
19/03/2022,Vallecano,Ath Madrid,0,1,15,11,3,3,0,0,2021-2022
20/03/2022,Espanol,Mallorca,1,0,12,9,3,3,3,3,2021-2022
20/03/2022,Cadiz,Villarreal,1,0,16,3,7,1,3,2,2021-2022
20/03/2022,Celta,Betis,0,0,9,7,3,1,1,2,2021-2022
20/03/2022,Sevilla,Sociedad,0,0,10,13,0,2,0,3,2021-2022
20/03/2022,Real Madrid,Barcelona,0,4,14,18,4,10,4,4,2021-2022
02/04/2022,Getafe,Mallorca,1,0,16,7,3,1,5,6,2021-2022
02/04/2022,Levante,Villarreal,2,0,13,13,4,2,4,2,2021-2022
02/04/2022,Celta,Real Madrid,1,2,10,12,4,6,3,0,2021-2022
02/04/2022,Ath Madrid,Alaves,4,1,14,7,8,1,1,0,2021-2022
03/04/2022,Ath Bilbao,Elche,2,1,16,6,6,2,2,4,2021-2022
03/04/2022,Betis,Osasuna,4,1,24,10,8,3,1,3,2021-2022
03/04/2022,Granada,Vallecano,2,2,17,10,9,4,4,5,2021-2022
03/04/2022,Valencia,Cadiz,0,0,5,4,1,3,3,6,2021-2022
03/04/2022,Barcelona,Sevilla,1,0,19,8,6,3,3,3,2021-2022
04/04/2022,Sociedad,Espanol,1,0,17,8,6,2,2,4,2021-2022
08/04/2022,Sevilla,Granada,4,2,16,15,8,5,2,2,2021-2022
09/04/2022,Cadiz,Betis,1,2,10,10,4,3,1,2,2021-2022
09/04/2022,Mallorca,Ath Madrid,1,0,10,9,3,1,1,4,2021-2022
09/04/2022,Villarreal,Ath Bilbao,1,1,11,12,5,6,2,3,2021-2022
09/04/2022,Real Madrid,Getafe,2,0,26,8,8,0,2,2,2021-2022
10/04/2022,Osasuna,Alaves,1,0,15,8,4,2,3,1,2021-2022
10/04/2022,Espanol,Celta,1,0,11,10,2,5,4,1,2021-2022
10/04/2022,Elche,Sociedad,1,2,10,17,1,6,3,3,2021-2022
10/04/2022,Levante,Barcelona,2,3,11,14,6,7,1,1,2021-2022
11/04/2022,Vallecano,Valencia,1,1,11,6,4,2,3,4,2021-2022
15/04/2022,Sociedad,Betis,0,0,9,9,2,2,4,4,2021-2022
16/04/2022,Elche,Mallorca,3,0,6,13,2,2,2,3,2021-2022
16/04/2022,Alaves,Vallecano,1,0,11,20,5,3,2,3,2021-2022
16/04/2022,Valencia,Osasuna,1,2,11,9,4,3,1,2,2021-2022
16/04/2022,Getafe,Villarreal,1,2,12,11,5,6,2,0,2021-2022
17/04/2022,Granada,Levante,1,4,16,17,4,8,5,2,2021-2022
17/04/2022,Ath Madrid,Espanol,2,1,10,11,3,5,5,5,2021-2022
17/04/2022,Ath Bilbao,Celta,0,2,10,6,2,4,2,2,2021-2022
17/04/2022,Sevilla,Real Madrid,2,3,7,15,2,6,3,4,2021-2022
18/04/2022,Barcelona,Cadiz,0,1,18,6,6,4,4,1,2021-2022
19/04/2022,Mallorca,Alaves,2,1,5,12,3,4,2,6,2021-2022
19/04/2022,Betis,Elche,0,1,18,9,3,1,2,3,2021-2022
19/04/2022,Villarreal,Valencia,2,0,12,5,5,1,2,3,2021-2022
20/04/2022,Ath Madrid,Granada,0,0,22,7,1,2,4,5,2021-2022
20/04/2022,Celta,Getafe,0,2,9,6,2,3,2,5,2021-2022
20/04/2022,Osasuna,Real Madrid,1,3,12,23,3,11,1,3,2021-2022
21/04/2022,Espanol,Vallecano,0,1,6,13,2,2,4,4,2021-2022
21/04/2022,Levante,Sevilla,2,3,15,13,6,6,1,5,2021-2022
21/04/2022,Cadiz,Ath Bilbao,2,3,27,9,8,7,3,5,2021-2022
21/04/2022,Sociedad,Barcelona,0,1,8,11,5,1,1,2,2021-2022
24/04/2022,Barcelona,Vallecano,0,1,18,3,5,1,4,6,2021-2022
29/04/2022,Sevilla,Cadiz,1,1,11,10,6,4,2,2,2021-2022
30/04/2022,Alaves,Villarreal,2,1,11,16,5,6,5,2,2021-2022
30/04/2022,Real Madrid,Espanol,4,0,11,20,5,6,2,0,2021-2022
30/04/2022,Valencia,Levante,1,1,6,24,1,6,4,3,2021-2022
30/04/2022,Ath Bilbao,Ath Madrid,2,0,11,9,4,3,3,3,2021-2022
01/05/2022,Elche,Osasuna,1,1,11,9,4,3,4,2,2021-2022
01/05/2022,Granada,Celta,1,1,15,13,6,6,1,3,2021-2022
01/05/2022,Vallecano,Sociedad,1,1,13,8,7,3,2,1,2021-2022
01/05/2022,Barcelona,Mallorca,2,1,17,6,5,2,2,3,2021-2022
02/05/2022,Getafe,Betis,0,0,13,9,2,4,1,1,2021-2022
06/05/2022,Levante,Sociedad,2,1,16,21,7,6,2,3,2021-2022
07/05/2022,Mallorca,Granada,2,6,18,14,8,7,3,2,2021-2022
07/05/2022,Ath Bilbao,Valencia,0,0,10,4,5,1,4,4,2021-2022
07/05/2022,Cadiz,Elche,3,0,17,4,7,2,1,0,2021-2022
07/05/2022,Celta,Alaves,4,0,15,3,7,1,1,3,2021-2022
07/05/2022,Betis,Barcelona,1,2,14,11,5,5,1,2,2021-2022
08/05/2022,Getafe,Vallecano,0,0,12,12,6,1,3,4,2021-2022
08/05/2022,Villarreal,Sevilla,1,1,14,7,6,2,3,0,2021-2022
08/05/2022,Espanol,Osasuna,1,1,12,12,3,5,1,3,2021-2022
08/05/2022,Ath Madrid,Real Madrid,1,0,16,15,2,6,2,4,2021-2022
10/05/2022,Valencia,Betis,0,3,19,9,5,5,1,3,2021-2022
10/05/2022,Granada,Ath Bilbao,1,0,12,8,2,1,4,2,2021-2022
10/05/2022,Barcelona,Celta,3,1,10,13,4,5,3,0,2021-2022
11/05/2022,Alaves,Espanol,2,1,27,5,9,3,3,3,2021-2022
11/05/2022,Osasuna,Getafe,1,1,12,6,1,0,2,4,2021-2022
11/05/2022,Sevilla,Mallorca,0,0,18,10,4,2,4,6,2021-2022
11/05/2022,Elche,Ath Madrid,0,2,9,11,0,6,2,2,2021-2022
12/05/2022,Sociedad,Cadiz,3,0,13,14,7,1,4,2,2021-2022
12/05/2022,Vallecano,Villarreal,1,5,17,11,3,8,5,2,2021-2022
12/05/2022,Real Madrid,Levante,6,0,27,16,16,1,2,1,2021-2022
14/05/2022,Espanol,Valencia,1,1,5,18,3,5,4,1,2021-2022
15/05/2022,Ath Bilbao,Osasuna,2,0,14,8,8,1,0,0,2021-2022
15/05/2022,Ath Madrid,Sevilla,1,1,12,8,3,4,2,5,2021-2022
15/05/2022,Betis,Granada,2,0,11,14,4,4,0,1,2021-2022
15/05/2022,Cadiz,Real Madrid,1,1,21,16,7,7,7,2,2021-2022
15/05/2022,Celta,Elche,1,0,14,10,5,1,2,2,2021-2022
15/05/2022,Getafe,Barcelona,0,0,9,5,3,1,1,2,2021-2022
15/05/2022,Levante,Alaves,3,1,15,6,5,2,8,6,2021-2022
15/05/2022,Mallorca,Vallecano,2,1,12,11,5,4,1,0,2021-2022
15/05/2022,Villarreal,Sociedad,1,2,10,11,4,6,4,2,2021-2022
20/05/2022,Real Madrid,Betis,0,0,17,11,3,2,0,0,2021-2022
20/05/2022,Vallecano,Levante,2,4,19,14,8,7,0,3,2021-2022
21/05/2022,Valencia,Celta,2,0,10,9,3,3,3,3,2021-2022
22/05/2022,Elche,Getafe,3,1,19,7,9,2,2,2,2021-2022
22/05/2022,Alaves,Cadiz,0,1,9,13,2,6,0,1,2021-2022
22/05/2022,Granada,Espanol,0,0,15,10,5,5,1,0,2021-2022
22/05/2022,Osasuna,Mallorca,0,2,11,14,1,6,2,2,2021-2022
22/05/2022,Barcelona,Villarreal,0,2,14,4,3,3,3,1,2021-2022
22/05/2022,Sevilla,Ath Bilbao,1,0,13,9,3,1,3,3,2021-2022
22/05/2022,Sociedad,Ath Madrid,1,2,12,6,3,5,4,2,2021-2022
12/08/2022,Osasuna,Sevilla,2,1,12,10,5,3,5,3,2022-2023
13/08/2022,Celta,Espanol,2,2,8,10,3,2,5,2,2022-2023
13/08/2022,Valladolid,Villarreal,0,3,12,10,6,4,1,0,2022-2023
13/08/2022,Barcelona,Vallecano,0,0,21,4,6,2,3,6,2022-2023
14/08/2022,Cadiz,Sociedad,0,1,7,15,2,7,4,2,2022-2023
14/08/2022,Valencia,Girona,1,0,17,5,2,1,2,3,2022-2023
14/08/2022,Almeria,Real Madrid,1,2,10,29,6,15,3,1,2022-2023
15/08/2022,Ath Bilbao,Mallorca,0,0,23,6,6,2,0,6,2022-2023
15/08/2022,Getafe,Ath Madrid,0,3,10,12,0,5,2,1,2022-2023
15/08/2022,Betis,Elche,3,0,17,4,8,2,3,6,2022-2023
19/08/2022,Espanol,Vallecano,0,2,13,8,1,3,2,5,2022-2023
19/08/2022,Sevilla,Valladolid,1,1,18,6,2,3,3,2,2022-2023
20/08/2022,Osasuna,Cadiz,2,0,16,9,3,2,2,5,2022-2023
20/08/2022,Mallorca,Betis,1,2,13,8,7,3,7,8,2022-2023
20/08/2022,Celta,Real Madrid,1,4,15,16,2,7,2,2,2022-2023
21/08/2022,Ath Bilbao,Valencia,1,0,12,10,2,0,5,2,2022-2023
21/08/2022,Ath Madrid,Villarreal,0,2,13,19,5,5,2,3,2022-2023
21/08/2022,Sociedad,Barcelona,1,4,10,15,5,7,2,1,2022-2023
22/08/2022,Elche,Almeria,1,1,13,12,3,7,1,4,2022-2023
22/08/2022,Girona,Getafe,3,1,12,7,6,3,3,6,2022-2023
26/08/2022,Girona,Celta,0,1,11,11,3,6,2,1,2022-2023
26/08/2022,Betis,Osasuna,1,0,7,12,1,2,0,3,2022-2023
27/08/2022,Elche,Sociedad,0,1,12,9,5,5,3,3,2022-2023
27/08/2022,Vallecano,Mallorca,0,2,15,9,0,4,1,3,2022-2023
27/08/2022,Almeria,Sevilla,2,1,11,13,5,5,5,8,2022-2023
28/08/2022,Getafe,Villarreal,0,0,8,11,2,6,1,5,2022-2023
28/08/2022,Barcelona,Valladolid,4,0,24,8,9,3,0,3,2022-2023
28/08/2022,Espanol,Real Madrid,1,3,15,19,4,6,0,0,2022-2023
29/08/2022,Cadiz,Ath Bilbao,0,4,9,20,3,8,2,1,2022-2023
29/08/2022,Valencia,Ath Madrid,0,1,12,13,2,7,4,3,2022-2023
02/09/2022,Celta,Cadiz,3,0,9,7,5,0,1,2,2022-2023
03/09/2022,Mallorca,Girona,1,1,10,10,4,4,4,2,2022-2023
03/09/2022,Real Madrid,Betis,2,1,22,8,4,4,0,1,2022-2023
03/09/2022,Sociedad,Ath Madrid,1,1,12,15,5,7,5,4,2022-2023
03/09/2022,Sevilla,Barcelona,0,3,9,18,4,7,2,4,2022-2023
04/09/2022,Osasuna,Vallecano,2,1,13,5,6,3,2,2,2022-2023
04/09/2022,Ath Bilbao,Espanol,0,1,17,9,2,2,3,2,2022-2023
04/09/2022,Villarreal,Elche,4,0,18,7,10,0,1,3,2022-2023
04/09/2022,Valencia,Getafe,5,1,24,7,9,4,3,6,2022-2023
05/09/2022,Valladolid,Almeria,1,0,14,12,6,1,1,6,2022-2023
09/09/2022,Girona,Valladolid,2,1,14,14,5,4,0,2,2022-2023
10/09/2022,Vallecano,Valencia,2,1,14,17,6,4,5,2,2022-2023
10/09/2022,Espanol,Sevilla,2,3,19,11,5,7,3,5,2022-2023
10/09/2022,Cadiz,Barcelona,0,4,6,16,0,8,1,2,2022-2023
10/09/2022,Ath Madrid,Celta,4,1,10,14,4,3,2,3,2022-2023
11/09/2022,Real Madrid,Mallorca,4,1,22,5,7,2,3,5,2022-2023
11/09/2022,Elche,Ath Bilbao,1,4,9,16,2,8,3,0,2022-2023
11/09/2022,Getafe,Sociedad,2,1,8,13,3,6,4,1,2022-2023
11/09/2022,Betis,Villarreal,1,0,16,14,5,3,1,1,2022-2023
12/09/2022,Almeria,Osasuna,0,1,7,15,2,4,0,2,2022-2023
16/09/2022,Valladolid,Cadiz,0,1,18,7,6,1,1,4,2022-2023
17/09/2022,Mallorca,Almeria,1,0,5,9,2,3,3,6,2022-2023
17/09/2022,Barcelona,Elche,3,0,25,1,9,1,2,2,2022-2023
17/09/2022,Valencia,Celta,3,0,14,6,7,2,3,2,2022-2023
17/09/2022,Ath Bilbao,Vallecano,3,2,14,11,7,2,1,2,2022-2023
18/09/2022,Osasuna,Getafe,0,2,12,10,4,4,7,3,2022-2023
18/09/2022,Villarreal,Sevilla,1,1,17,12,7,1,1,5,2022-2023
18/09/2022,Betis,Girona,2,1,9,8,3,3,0,3,2022-2023
18/09/2022,Sociedad,Espanol,2,1,14,14,6,4,3,0,2022-2023
18/09/2022,Ath Madrid,Real Madrid,1,2,12,6,5,3,4,2,2022-2023
30/09/2022,Ath Bilbao,Almeria,4,0,17,8,4,2,1,3,2022-2023
01/10/2022,Cadiz,Villarreal,0,0,10,14,2,6,2,3,2022-2023
01/10/2022,Getafe,Valladolid,2,3,14,14,6,7,2,4,2022-2023
01/10/2022,Sevilla,Ath Madrid,0,2,14,20,3,6,3,2,2022-2023
01/10/2022,Mallorca,Barcelona,0,1,13,11,3,3,2,4,2022-2023
02/10/2022,Espanol,Valencia,2,2,10,12,5,5,2,1,2022-2023
02/10/2022,Celta,Betis,1,0,11,9,4,4,4,3,2022-2023
02/10/2022,Girona,Sociedad,3,5,16,11,8,5,3,1,2022-2023
02/10/2022,Real Madrid,Osasuna,1,1,22,8,4,2,1,2,2022-2023
03/10/2022,Vallecano,Elche,2,1,15,5,6,2,1,8,2022-2023
07/10/2022,Osasuna,Valencia,1,2,11,15,2,7,3,6,2022-2023
08/10/2022,Almeria,Vallecano,3,1,10,12,4,4,4,2,2022-2023
08/10/2022,Ath Madrid,Girona,2,1,13,11,7,4,3,1,2022-2023
08/10/2022,Sevilla,Ath Bilbao,1,1,10,21,3,4,4,0,2022-2023
08/10/2022,Getafe,Real Madrid,0,1,9,19,2,4,0,0,2022-2023
09/10/2022,Valladolid,Betis,0,0,12,4,3,1,1,1,2022-2023
09/10/2022,Cadiz,Espanol,2,2,8,9,3,6,4,4,2022-2023
09/10/2022,Sociedad,Villarreal,1,0,17,5,5,1,5,3,2022-2023
09/10/2022,Barcelona,Celta,1,0,13,14,5,3,2,4,2022-2023
10/10/2022,Elche,Mallorca,1,1,7,11,2,4,4,5,2022-2023
14/10/2022,Vallecano,Getafe,0,0,16,6,3,3,2,3,2022-2023
15/10/2022,Girona,Cadiz,1,1,23,9,6,2,5,4,2022-2023
15/10/2022,Valencia,Elche,2,2,20,8,8,6,3,6,2022-2023
15/10/2022,Mallorca,Sevilla,0,1,9,4,5,1,2,3,2022-2023
15/10/2022,Ath Bilbao,Ath Madrid,0,1,13,3,3,1,0,6,2022-2023
16/10/2022,Celta,Sociedad,1,2,10,8,3,6,5,7,2022-2023
16/10/2022,Real Madrid,Barcelona,3,1,8,18,4,5,2,2,2022-2023
16/10/2022,Espanol,Valladolid,1,0,15,14,3,2,1,4,2022-2023
16/10/2022,Betis,Almeria,3,1,15,12,6,5,1,1,2022-2023
17/10/2022,Villarreal,Osasuna,2,0,12,14,9,3,2,6,2022-2023
18/10/2022,Sevilla,Valencia,1,1,18,13,5,5,4,7,2022-2023
18/10/2022,Getafe,Ath Bilbao,2,2,11,14,4,4,7,4,2022-2023
18/10/2022,Ath Madrid,Vallecano,1,1,12,14,4,4,3,0,2022-2023
19/10/2022,Cadiz,Betis,0,0,13,12,3,3,1,2,2022-2023
19/10/2022,Valladolid,Celta,4,1,9,22,7,5,1,1,2022-2023
19/10/2022,Sociedad,Mallorca,1,0,14,12,7,3,1,2,2022-2023
19/10/2022,Elche,Real Madrid,0,3,10,10,3,7,1,1,2022-2023
20/10/2022,Almeria,Girona,3,2,13,14,7,5,1,3,2022-2023
20/10/2022,Osasuna,Espanol,1,0,17,5,5,3,1,2,2022-2023
20/10/2022,Barcelona,Villarreal,3,0,16,5,5,1,0,1,2022-2023
22/10/2022,Vallecano,Cadiz,5,1,28,3,11,0,1,4,2022-2023
22/10/2022,Valladolid,Sociedad,1,0,9,20,2,2,2,3,2022-2023
22/10/2022,Valencia,Mallorca,1,2,13,10,3,5,3,5,2022-2023
22/10/2022,Real Madrid,Sevilla,3,1,18,9,6,2,1,4,2022-2023
23/10/2022,Espanol,Elche,2,2,13,9,5,4,2,3,2022-2023
23/10/2022,Betis,Ath Madrid,1,2,17,9,4,3,2,3,2022-2023
23/10/2022,Girona,Osasuna,1,1,7,9,1,2,2,3,2022-2023
23/10/2022,Villarreal,Almeria,2,1,11,15,5,4,4,1,2022-2023
23/10/2022,Barcelona,Ath Bilbao,4,0,10,5,7,3,2,2,2022-2023
24/10/2022,Celta,Getafe,1,1,17,4,5,1,1,1,2022-2023
28/10/2022,Mallorca,Espanol,1,1,12,7,5,2,4,1,2022-2023
29/10/2022,Almeria,Celta,3,1,19,8,5,3,4,0,2022-2023
29/10/2022,Cadiz,Ath Madrid,3,2,10,15,7,7,2,4,2022-2023
29/10/2022,Sevilla,Vallecano,0,1,10,15,4,5,6,1,2022-2023
29/10/2022,Valencia,Barcelona,0,1,3,13,2,2,4,5,2022-2023
30/10/2022,Osasuna,Valladolid,2,0,20,7,10,2,1,3,2022-2023
30/10/2022,Real Madrid,Girona,1,1,19,8,6,2,3,3,2022-2023
30/10/2022,Ath Bilbao,Villarreal,1,0,19,6,7,3,2,1,2022-2023
30/10/2022,Sociedad,Betis,0,2,14,10,7,4,4,4,2022-2023
31/10/2022,Elche,Getafe,0,1,12,8,5,3,0,3,2022-2023
04/11/2022,Girona,Ath Bilbao,2,1,19,11,10,7,1,1,2022-2023
05/11/2022,Getafe,Cadiz,0,0,13,15,2,4,5,2,2022-2023
05/11/2022,Valladolid,Elche,2,1,16,4,11,2,2,0,2022-2023
05/11/2022,Celta,Osasuna,1,2,13,8,5,4,1,5,2022-2023
05/11/2022,Barcelona,Almeria,2,0,27,4,13,1,2,1,2022-2023
06/11/2022,Ath Madrid,Espanol,1,1,27,6,7,2,3,5,2022-2023
06/11/2022,Sociedad,Valencia,1,1,9,14,4,3,2,0,2022-2023
06/11/2022,Villarreal,Mallorca,0,2,9,7,2,5,4,6,2022-2023
06/11/2022,Betis,Sevilla,1,1,9,22,4,6,4,5,2022-2023
07/11/2022,Vallecano,Real Madrid,3,2,15,16,7,2,4,5,2022-2023
08/11/2022,Elche,Girona,1,2,11,21,2,3,3,2,2022-2023
08/11/2022,Ath Bilbao,Valladolid,3,0,19,8,6,0,3,1,2022-2023
08/11/2022,Osasuna,Barcelona,1,2,15,9,3,3,4,4,2022-2023
09/11/2022,Almeria,Getafe,1,0,8,11,3,3,8,4,2022-2023
09/11/2022,Sevilla,Sociedad,1,2,6,17,3,9,2,2,2022-2023
09/11/2022,Espanol,Villarreal,0,1,14,10,6,3,1,3,2022-2023
09/11/2022,Mallorca,Ath Madrid,1,0,9,17,3,5,5,3,2022-2023
10/11/2022,Vallecano,Celta,0,0,10,11,3,3,7,1,2022-2023
10/11/2022,Valencia,Betis,3,0,15,5,7,1,1,3,2022-2023
10/11/2022,Real Madrid,Cadiz,2,1,18,10,5,5,3,3,2022-2023
29/12/2022,Girona,Vallecano,2,2,16,12,7,4,3,2,2022-2023
29/12/2022,Betis,Ath Bilbao,0,0,9,10,5,0,1,4,2022-2023
29/12/2022,Ath Madrid,Elche,2,0,18,5,4,1,3,4,2022-2023
30/12/2022,Getafe,Mallorca,2,0,14,3,6,0,0,1,2022-2023
30/12/2022,Cadiz,Almeria,1,1,12,18,6,9,2,0,2022-2023
30/12/2022,Celta,Sevilla,1,1,17,7,5,5,2,4,2022-2023
30/12/2022,Valladolid,Real Madrid,0,2,14,19,4,8,2,0,2022-2023
31/12/2022,Barcelona,Espanol,1,1,21,4,6,1,6,7,2022-2023
31/12/2022,Sociedad,Osasuna,2,0,9,11,2,3,1,1,2022-2023
31/12/2022,Villarreal,Valencia,2,1,14,13,8,4,1,3,2022-2023
06/01/2023,Elche,Celta,0,1,13,14,5,7,3,1,2022-2023
06/01/2023,Valencia,Cadiz,0,1,11,6,2,2,5,6,2022-2023
07/01/2023,Villarreal,Real Madrid,2,1,17,13,5,3,4,1,2022-2023
07/01/2023,Mallorca,Valladolid,1,0,13,9,4,1,2,3,2022-2023
07/01/2023,Espanol,Girona,2,2,12,12,6,5,3,2,2022-2023
08/01/2023,Almeria,Sociedad,0,2,6,9,1,6,1,0,2022-2023
08/01/2023,Vallecano,Betis,1,2,15,14,3,3,3,2,2022-2023
08/01/2023,Sevilla,Getafe,2,1,11,11,5,2,3,3,2022-2023
08/01/2023,Ath Madrid,Barcelona,0,1,20,10,5,2,2,3,2022-2023
09/01/2023,Ath Bilbao,Osasuna,0,0,17,3,3,1,0,1,2022-2023
13/01/2023,Celta,Villarreal,1,1,21,3,8,1,0,2,2022-2023
14/01/2023,Valladolid,Vallecano,0,1,9,13,2,6,2,2,2022-2023
14/01/2023,Girona,Sevilla,2,1,19,10,7,2,3,1,2022-2023
14/01/2023,Osasuna,Mallorca,1,0,15,6,4,2,2,3,2022-2023
14/01/2023,Sociedad,Ath Bilbao,3,1,11,6,5,2,5,1,2022-2023
15/01/2023,Getafe,Espanol,1,2,10,10,2,4,2,3,2022-2023
15/01/2023,Almeria,Ath Madrid,1,1,14,12,3,6,4,4,2022-2023
16/01/2023,Cadiz,Elche,1,1,16,12,3,5,3,2,2022-2023
20/01/2023,Mallorca,Celta,1,0,8,10,3,3,2,3,2022-2023
21/01/2023,Vallecano,Sociedad,0,2,14,12,2,7,0,0,2022-2023
21/01/2023,Espanol,Betis,1,0,8,13,2,4,3,2,2022-2023
21/01/2023,Ath Madrid,Valladolid,3,0,18,7,8,1,1,1,2022-2023
21/01/2023,Sevilla,Cadiz,1,0,17,4,9,1,1,4,2022-2023
22/01/2023,Villarreal,Girona,1,0,19,8,9,1,5,5,2022-2023
22/01/2023,Elche,Osasuna,1,1,13,8,4,4,2,1,2022-2023
22/01/2023,Barcelona,Getafe,1,0,8,7,4,3,1,2,2022-2023
22/01/2023,Ath Bilbao,Real Madrid,0,2,18,10,3,4,3,2,2022-2023
23/01/2023,Valencia,Almeria,2,2,16,14,6,3,2,1,2022-2023
27/01/2023,Almeria,Espanol,3,1,19,6,7,3,3,3,2022-2023
28/01/2023,Cadiz,Mallorca,2,0,11,9,4,2,2,2,2022-2023
28/01/2023,Girona,Barcelona,0,1,8,8,2,3,2,3,2022-2023
28/01/2023,Sevilla,Elche,3,0,22,6,8,1,1,3,2022-2023
28/01/2023,Getafe,Betis,0,1,6,13,1,2,4,2,2022-2023
29/01/2023,Valladolid,Valencia,1,0,13,15,6,2,3,1,2022-2023
29/01/2023,Osasuna,Ath Madrid,0,1,14,13,4,5,1,0,2022-2023
29/01/2023,Celta,Ath Bilbao,1,0,9,5,3,0,3,2,2022-2023
29/01/2023,Real Madrid,Sociedad,0,0,20,8,7,3,1,4,2022-2023
30/01/2023,Villarreal,Vallecano,0,1,12,11,3,3,2,3,2022-2023
01/02/2023,Betis,Barcelona,1,2,5,13,1,3,3,0,2022-2023
02/02/2023,Real Madrid,Valencia,2,0,19,4,7,0,3,1,2022-2023
03/02/2023,Ath Bilbao,Cadiz,4,1,17,15,9,3,2,1,2022-2023
04/02/2023,Espanol,Osasuna,1,1,9,9,4,3,3,5,2022-2023
04/02/2023,Elche,Villarreal,3,1,18,14,7,2,4,2,2022-2023
04/02/2023,Ath Madrid,Getafe,1,1,12,9,4,1,3,5,2022-2023
04/02/2023,Betis,Celta,3,4,15,9,7,7,2,3,2022-2023
05/02/2023,Mallorca,Real Madrid,1,0,4,20,1,1,5,5,2022-2023
05/02/2023,Girona,Valencia,1,0,20,8,8,4,1,4,2022-2023
05/02/2023,Sociedad,Valladolid,0,1,15,7,4,2,4,5,2022-2023
05/02/2023,Barcelona,Sevilla,3,0,16,3,7,1,0,2,2022-2023
06/02/2023,Vallecano,Almeria,2,0,15,14,11,5,3,3,2022-2023
10/02/2023,Cadiz,Girona,2,0,12,7,3,1,4,4,2022-2023
11/02/2023,Almeria,Betis,2,3,16,12,9,7,2,3,2022-2023
11/02/2023,Sevilla,Mallorca,2,0,15,6,6,0,5,2,2022-2023
11/02/2023,Valencia,Ath Bilbao,1,2,18,11,8,3,2,2,2022-2023
12/02/2023,Getafe,Vallecano,1,1,13,19,4,4,4,4,2022-2023
12/02/2023,Celta,Ath Madrid,0,1,14,10,3,2,2,2,2022-2023
12/02/2023,Valladolid,Osasuna,0,0,18,15,5,4,1,3,2022-2023
12/02/2023,Villarreal,Barcelona,0,1,11,7,2,4,4,4,2022-2023
13/02/2023,Espanol,Sociedad,2,3,10,11,6,5,4,1,2022-2023
15/02/2023,Real Madrid,Elche,4,0,26,7,13,0,1,3,2022-2023
17/02/2023,Girona,Almeria,6,2,14,16,8,4,1,1,2022-2023
18/02/2023,Sociedad,Celta,1,1,9,18,3,4,3,5,2022-2023
18/02/2023,Betis,Valladolid,2,1,16,17,10,3,3,5,2022-2023
18/02/2023,Mallorca,Villarreal,4,2,13,8,5,4,5,0,2022-2023
18/02/2023,Osasuna,Real Madrid,0,2,11,11,4,6,3,2,2022-2023
19/02/2023,Elche,Espanol,0,1,19,11,5,4,2,3,2022-2023
19/02/2023,Vallecano,Sevilla,1,1,18,7,5,2,4,1,2022-2023
19/02/2023,Ath Madrid,Ath Bilbao,1,0,17,8,5,2,2,3,2022-2023
19/02/2023,Barcelona,Cadiz,2,0,16,14,5,4,2,3,2022-2023
20/02/2023,Getafe,Valencia,1,0,15,8,6,3,6,1,2022-2023
24/02/2023,Elche,Betis,2,3,4,21,2,9,4,1,2022-2023
25/02/2023,Espanol,Mallorca,2,1,9,15,3,4,2,2,2022-2023
25/02/2023,Cadiz,Vallecano,1,0,5,11,3,2,3,4,2022-2023
25/02/2023,Real Madrid,Ath Madrid,1,1,18,7,7,2,3,3,2022-2023
25/02/2023,Valencia,Sociedad,1,0,8,11,3,3,6,3,2022-2023
26/02/2023,Ath Bilbao,Girona,2,3,17,8,3,4,5,5,2022-2023
26/02/2023,Celta,Valladolid,3,0,18,6,4,3,1,3,2022-2023
26/02/2023,Almeria,Barcelona,1,0,7,14,4,1,3,3,2022-2023
26/02/2023,Sevilla,Osasuna,2,3,22,11,8,4,4,2,2022-2023
27/02/2023,Villarreal,Getafe,2,1,11,8,5,3,0,1,2022-2023
03/03/2023,Sociedad,Cadiz,0,0,15,6,3,2,0,1,2022-2023
04/03/2023,Getafe,Girona,3,2,10,9,6,7,5,4,2022-2023
04/03/2023,Almeria,Villarreal,0,2,6,16,0,6,2,4,2022-2023
04/03/2023,Mallorca,Elche,0,1,14,15,3,6,3,3,2022-2023
04/03/2023,Ath Madrid,Sevilla,6,1,18,8,8,1,1,4,2022-2023
05/03/2023,Valladolid,Espanol,2,1,15,12,5,2,3,2,2022-2023
05/03/2023,Barcelona,Valencia,1,0,13,13,4,1,0,0,2022-2023
05/03/2023,Vallecano,Ath Bilbao,0,0,18,16,2,3,1,0,2022-2023
05/03/2023,Betis,Real Madrid,0,0,8,15,4,5,3,4,2022-2023
06/03/2023,Osasuna,Celta,0,0,10,6,5,0,0,2,2022-2023
10/03/2023,Cadiz,Getafe,2,2,11,16,4,10,4,5,2022-2023
11/03/2023,Real Madrid,Espanol,3,1,22,10,7,3,3,2,2022-2023
11/03/2023,Elche,Valladolid,1,1,24,5,10,1,4,6,2022-2023
11/03/2023,Celta,Vallecano,3,0,15,12,6,3,2,3,2022-2023
11/03/2023,Valencia,Osasuna,1,0,8,7,4,0,2,5,2022-2023
12/03/2023,Mallorca,Sociedad,1,1,8,8,2,2,2,2,2022-2023
12/03/2023,Sevilla,Almeria,2,1,27,13,5,5,4,4,2022-2023
12/03/2023,Villarreal,Betis,1,1,15,6,4,3,3,2,2022-2023
12/03/2023,Ath Bilbao,Barcelona,0,1,15,10,5,2,2,1,2022-2023
13/03/2023,Girona,Ath Madrid,0,1,6,14,4,4,2,3,2022-2023
17/03/2023,Valladolid,Ath Bilbao,1,3,15,15,3,6,2,2,2022-2023
18/03/2023,Almeria,Cadiz,1,1,17,10,5,4,1,4,2022-2023
18/03/2023,Vallecano,Girona,2,2,15,12,3,4,2,2,2022-2023
18/03/2023,Espanol,Celta,1,3,11,8,3,4,2,2,2022-2023
18/03/2023,Ath Madrid,Valencia,3,0,14,9,6,1,2,0,2022-2023
19/03/2023,Betis,Mallorca,1,0,10,5,3,1,1,2,2022-2023
19/03/2023,Osasuna,Villarreal,0,3,10,12,2,6,3,2,2022-2023
19/03/2023,Sociedad,Elche,2,0,17,4,4,3,2,1,2022-2023
19/03/2023,Getafe,Sevilla,2,0,15,11,4,4,4,2,2022-2023
19/03/2023,Barcelona,Real Madrid,2,1,17,11,7,3,4,3,2022-2023
31/03/2023,Mallorca,Osasuna,0,0,10,11,1,2,7,3,2022-2023
01/04/2023,Girona,Espanol,2,1,14,5,4,1,4,2,2022-2023
01/04/2023,Ath Bilbao,Getafe,0,0,17,9,3,1,0,0,2022-2023
01/04/2023,Cadiz,Sevilla,0,2,14,11,3,5,3,4,2022-2023
01/04/2023,Elche,Barcelona,0,4,15,12,2,6,0,3,2022-2023
02/04/2023,Celta,Almeria,2,2,21,8,5,3,3,5,2022-2023
02/04/2023,Real Madrid,Valladolid,6,0,30,12,17,2,0,1,2022-2023
02/04/2023,Villarreal,Sociedad,2,0,16,16,4,3,5,3,2022-2023
02/04/2023,Ath Madrid,Betis,1,0,13,6,7,2,1,2,2022-2023
03/04/2023,Valencia,Vallecano,1,1,18,7,4,2,2,3,2022-2023
07/04/2023,Sevilla,Celta,2,2,7,9,2,4,6,2,2022-2023
08/04/2023,Osasuna,Elche,2,1,22,7,6,1,1,3,2022-2023
08/04/2023,Espanol,Ath Bilbao,1,2,9,12,2,7,6,4,2022-2023
08/04/2023,Sociedad,Getafe,2,0,11,6,6,4,2,1,2022-2023
08/04/2023,Real Madrid,Villarreal,2,3,18,17,4,8,0,3,2022-2023
09/04/2023,Valladolid,Mallorca,3,3,10,14,6,6,3,5,2022-2023
09/04/2023,Betis,Cadiz,0,2,9,15,3,4,3,3,2022-2023
09/04/2023,Almeria,Valencia,2,1,10,11,4,4,3,2,2022-2023
09/04/2023,Vallecano,Ath Madrid,1,2,15,14,3,4,0,0,2022-2023
10/04/2023,Barcelona,Girona,0,0,18,5,3,0,0,2,2022-2023
14/04/2023,Vallecano,Osasuna,2,1,12,8,3,4,2,3,2022-2023
15/04/2023,Villarreal,Valladolid,1,2,22,14,7,7,1,6,2022-2023
15/04/2023,Ath Bilbao,Sociedad,2,0,13,13,5,4,5,2,2022-2023
15/04/2023,Betis,Espanol,3,1,15,13,8,4,2,2,2022-2023
15/04/2023,Cadiz,Real Madrid,0,2,12,35,3,11,1,0,2022-2023
16/04/2023,Girona,Elche,2,0,14,13,4,5,3,3,2022-2023
16/04/2023,Getafe,Barcelona,0,0,5,15,1,3,2,1,2022-2023
16/04/2023,Ath Madrid,Almeria,2,1,19,2,7,0,3,3,2022-2023
16/04/2023,Valencia,Sevilla,0,2,13,6,3,3,1,4,2022-2023
17/04/2023,Celta,Mallorca,0,1,12,8,3,2,2,1,2022-2023
21/04/2023,Espanol,Cadiz,0,0,14,11,5,2,4,2,2022-2023
22/04/2023,Osasuna,Betis,3,2,10,21,5,6,2,0,2022-2023
22/04/2023,Almeria,Ath Bilbao,1,2,12,14,4,3,2,4,2022-2023
22/04/2023,Sociedad,Vallecano,2,1,7,7,1,2,1,2,2022-2023
22/04/2023,Valladolid,Girona,1,0,15,12,6,6,1,1,2022-2023
22/04/2023,Real Madrid,Celta,2,0,17,12,5,2,1,2,2022-2023
23/04/2023,Elche,Valencia,0,2,7,5,1,3,3,1,2022-2023
23/04/2023,Barcelona,Ath Madrid,1,0,13,13,4,3,4,7,2022-2023
23/04/2023,Mallorca,Getafe,3,1,8,3,4,1,2,3,2022-2023
23/04/2023,Sevilla,Villarreal,2,1,17,17,4,5,1,2,2022-2023
25/04/2023,Cadiz,Osasuna,0,1,20,6,4,4,0,1,2022-2023
25/04/2023,Girona,Real Madrid,4,2,13,18,5,3,1,2,2022-2023
25/04/2023,Betis,Sociedad,0,0,10,10,1,3,1,3,2022-2023
26/04/2023,Ath Madrid,Mallorca,3,1,24,6,9,2,0,0,2022-2023
26/04/2023,Getafe,Almeria,1,2,21,23,9,11,2,2,2022-2023
26/04/2023,Celta,Elche,1,0,17,16,9,1,0,0,2022-2023
26/04/2023,Vallecano,Barcelona,2,1,9,10,6,5,1,4,2022-2023
27/04/2023,Valencia,Valladolid,2,1,18,8,5,2,0,4,2022-2023
27/04/2023,Villarreal,Espanol,4,2,31,13,13,4,2,4,2022-2023
27/04/2023,Ath Bilbao,Sevilla,0,1,7,4,2,1,3,3,2022-2023
28/04/2023,Osasuna,Sociedad,0,2,13,12,1,8,3,1,2022-2023
29/04/2023,Elche,Vallecano,4,0,18,14,9,3,1,2,2022-2023
29/04/2023,Real Madrid,Almeria,4,2,15,9,12,3,2,2,2022-2023
29/04/2023,Barcelona,Betis,4,0,15,4,8,1,0,2,2022-2023
30/04/2023,Cadiz,Valencia,2,1,8,16,4,4,6,2,2022-2023
30/04/2023,Villarreal,Celta,3,1,9,14,3,5,1,4,2022-2023
30/04/2023,Espanol,Getafe,1,0,17,7,8,2,3,5,2022-2023
30/04/2023,Valladolid,Ath Madrid,2,5,19,9,6,6,2,1,2022-2023
01/05/2023,Mallorca,Ath Bilbao,1,1,9,16,2,6,4,2,2022-2023
01/05/2023,Sevilla,Girona,0,2,23,9,5,3,1,1,2022-2023
02/05/2023,Almeria,Elche,2,1,10,14,4,1,2,2,2022-2023
02/05/2023,Barcelona,Osasuna,1,0,21,7,4,2,0,0,2022-2023
02/05/2023,Sociedad,Real Madrid,2,0,9,10,4,5,1,5,2022-2023
03/05/2023,Valencia,Villarreal,1,1,8,11,1,4,4,2,2022-2023
03/05/2023,Ath Madrid,Cadiz,5,1,18,2,8,1,3,2,2022-2023
03/05/2023,Getafe,Celta,1,0,14,7,4,1,7,5,2022-2023
04/05/2023,Girona,Mallorca,2,1,17,8,7,2,4,0,2022-2023
04/05/2023,Sevilla,Espanol,3,2,18,7,6,3,1,2,2022-2023
04/05/2023,Ath Bilbao,Betis,0,1,21,12,6,2,1,3,2022-2023
04/05/2023,Vallecano,Valladolid,2,1,16,7,6,4,0,0,2022-2023
12/05/2023,Mallorca,Cadiz,1,0,8,14,3,4,5,3,2022-2023
13/05/2023,Sociedad,Girona,2,2,18,13,6,6,5,3,2022-2023
13/05/2023,Osasuna,Almeria,3,1,18,8,7,3,0,0,2022-2023
13/05/2023,Villarreal,Ath Bilbao,5,1,17,11,11,5,4,3,2022-2023
13/05/2023,Real Madrid,Getafe,1,0,16,9,3,2,1,4,2022-2023
14/05/2023,Celta,Valencia,1,2,10,12,6,5,3,5,2022-2023
14/05/2023,Elche,Ath Madrid,1,0,15,13,4,4,2,0,2022-2023
14/05/2023,Valladolid,Sevilla,0,3,28,17,6,5,2,1,2022-2023
14/05/2023,Espanol,Barcelona,2,4,15,15,7,5,1,3,2022-2023
15/05/2023,Betis,Vallecano,3,1,11,16,5,4,3,2,2022-2023
19/05/2023,Cadiz,Valladolid,2,0,11,6,4,2,4,4,2022-2023
20/05/2023,Girona,Villarreal,1,2,9,10,3,5,2,1,2022-2023
20/05/2023,Ath Bilbao,Celta,2,1,10,8,3,3,4,1,2022-2023
20/05/2023,Almeria,Mallorca,3,0,12,7,3,3,1,2,2022-2023
20/05/2023,Getafe,Elche,1,1,9,13,5,4,3,1,2022-2023
20/05/2023,Barcelona,Sociedad,1,2,13,13,4,6,4,4,2022-2023
21/05/2023,Vallecano,Espanol,1,2,15,10,5,6,2,2,2022-2023
21/05/2023,Ath Madrid,Osasuna,3,0,15,12,5,2,0,2,2022-2023
21/05/2023,Valencia,Real Madrid,1,0,12,13,6,5,4,2,2022-2023
21/05/2023,Sevilla,Betis,0,0,10,5,4,0,2,2,2022-2023
23/05/2023,Celta,Girona,1,1,16,11,7,4,0,0,2022-2023
23/05/2023,Sociedad,Almeria,1,0,15,2,2,2,0,1,2022-2023
23/05/2023,Valladolid,Barcelona,3,1,8,16,4,6,1,0,2022-2023
24/05/2023,Elche,Sevilla,1,1,20,9,7,3,1,4,2022-2023
24/05/2023,Real Madrid,Vallecano,2,1,12,15,3,6,1,3,2022-2023
24/05/2023,Villarreal,Cadiz,2,0,13,16,7,8,1,2,2022-2023
24/05/2023,Betis,Getafe,0,1,11,9,4,2,2,5,2022-2023
24/05/2023,Espanol,Ath Madrid,3,3,26,16,13,7,2,3,2022-2023
25/05/2023,Mallorca,Valencia,1,0,4,15,3,5,4,2,2022-2023
25/05/2023,Osasuna,Ath Bilbao,2,0,9,10,3,5,3,3,2022-2023
27/05/2023,Sevilla,Real Madrid,1,2,11,6,1,3,2,4,2022-2023
28/05/2023,Almeria,Valladolid,0,0,23,8,7,2,0,4,2022-2023
28/05/2023,Ath Bilbao,Elche,0,1,27,6,8,2,1,1,2022-2023
28/05/2023,Ath Madrid,Sociedad,2,1,11,10,5,5,2,2,2022-2023
28/05/2023,Barcelona,Mallorca,3,0,28,3,9,1,0,0,2022-2023
28/05/2023,Cadiz,Celta,1,0,13,9,3,4,9,5,2022-2023
28/05/2023,Getafe,Osasuna,2,1,16,10,6,2,3,1,2022-2023
28/05/2023,Girona,Betis,1,2,9,18,3,7,0,1,2022-2023
28/05/2023,Valencia,Espanol,2,2,19,9,4,5,0,4,2022-2023
28/05/2023,Vallecano,Villarreal,2,1,15,7,4,2,3,5,2022-2023
04/06/2023,Mallorca,Vallecano,3,0,8,20,4,4,0,0,2022-2023
04/06/2023,Osasuna,Girona,2,1,14,11,7,6,1,5,2022-2023
04/06/2023,Real Madrid,Ath Bilbao,1,1,9,15,2,9,2,2,2022-2023
04/06/2023,Sociedad,Sevilla,2,1,17,9,6,4,0,1,2022-2023
04/06/2023,Villarreal,Ath Madrid,2,2,22,9,7,3,3,2,2022-2023
04/06/2023,Betis,Valencia,1,1,8,10,3,3,3,0,2022-2023
04/06/2023,Celta,Barcelona,2,1,12,9,9,2,2,2,2022-2023
04/06/2023,Elche,Cadiz,1,1,12,14,5,3,4,3,2022-2023
04/06/2023,Espanol,Almeria,3,3,12,11,8,4,2,3,2022-2023
04/06/2023,Valladolid,Getafe,0,0,15,4,0,1,1,3,2022-2023
11/08/2023,Almeria,Vallecano,0,2,19,10,5,4,1,3,2023-2024
11/08/2023,Sevilla,Valencia,1,2,9,10,3,3,3,2,2023-2024
12/08/2023,Sociedad,Girona,1,1,15,6,2,1,2,5,2023-2024
12/08/2023,Las Palmas,Mallorca,1,1,5,12,2,2,3,2,2023-2024
12/08/2023,Ath Bilbao,Real Madrid,0,2,7,14,1,8,3,1,2023-2024
13/08/2023,Celta,Osasuna,0,2,11,11,1,5,1,1,2023-2024
13/08/2023,Villarreal,Betis,1,2,18,12,5,5,1,3,2023-2024
13/08/2023,Getafe,Barcelona,0,0,5,14,2,4,8,2,2023-2024
14/08/2023,Cadiz,Alaves,1,0,12,10,3,2,3,2,2023-2024
14/08/2023,Ath Madrid,Granada,3,1,14,7,6,4,3,1,2023-2024
18/08/2023,Mallorca,Villarreal,0,1,8,15,1,3,2,4,2023-2024
18/08/2023,Valencia,Las Palmas,1,0,9,7,4,1,0,0,2023-2024
19/08/2023,Sociedad,Celta,1,1,11,17,2,6,2,1,2023-2024
19/08/2023,Almeria,Real Madrid,1,3,20,24,8,9,1,0,2023-2024
19/08/2023,Osasuna,Ath Bilbao,0,2,18,8,7,2,1,5,2023-2024
20/08/2023,Girona,Getafe,3,0,7,9,6,2,2,5,2023-2024
20/08/2023,Barcelona,Cadiz,2,0,23,10,10,1,4,3,2023-2024
20/08/2023,Betis,Ath Madrid,0,0,14,5,0,1,2,1,2023-2024
21/08/2023,Alaves,Sevilla,4,3,14,12,7,2,1,2,2023-2024
21/08/2023,Granada,Vallecano,0,2,14,17,7,9,2,1,2023-2024
25/08/2023,Las Palmas,Sociedad,0,0,11,8,5,1,1,4,2023-2024
25/08/2023,Celta,Real Madrid,0,1,13,10,4,3,2,3,2023-2024
26/08/2023,Cadiz,Almeria,1,1,11,5,3,2,0,5,2023-2024
26/08/2023,Granada,Mallorca,3,2,10,10,4,5,2,7,2023-2024
26/08/2023,Sevilla,Girona,1,2,21,8,4,3,2,1,2023-2024
27/08/2023,Villarreal,Barcelona,3,4,13,21,6,11,3,3,2023-2024
27/08/2023,Valencia,Osasuna,1,2,16,7,4,2,3,4,2023-2024
27/08/2023,Ath Bilbao,Betis,4,2,14,7,6,3,4,2,2023-2024
28/08/2023,Getafe,Alaves,1,0,15,16,4,2,1,2,2023-2024
28/08/2023,Vallecano,Ath Madrid,0,7,12,17,3,10,4,3,2023-2024
01/09/2023,Cadiz,Villarreal,3,1,18,7,4,3,5,4,2023-2024
01/09/2023,Almeria,Celta,2,3,16,14,5,8,1,1,2023-2024
02/09/2023,Sociedad,Granada,5,3,15,8,6,5,1,5,2023-2024
02/09/2023,Real Madrid,Getafe,2,1,26,6,12,2,2,6,2023-2024
02/09/2023,Alaves,Valencia,1,0,7,9,1,4,4,2,2023-2024
02/09/2023,Betis,Vallecano,1,0,14,15,5,6,3,5,2023-2024
03/09/2023,Girona,Las Palmas,1,0,11,10,6,5,3,3,2023-2024
03/09/2023,Mallorca,Ath Bilbao,0,0,8,11,2,3,0,1,2023-2024
03/09/2023,Osasuna,Barcelona,1,2,11,9,3,4,1,3,2023-2024
15/09/2023,Vallecano,Alaves,2,0,20,9,11,1,2,3,2023-2024
16/09/2023,Ath Bilbao,Cadiz,3,0,20,5,9,4,1,4,2023-2024
16/09/2023,Valencia,Ath Madrid,3,0,12,11,8,3,1,5,2023-2024
16/09/2023,Celta,Mallorca,0,1,16,7,4,4,1,3,2023-2024
16/09/2023,Barcelona,Betis,5,0,17,11,9,2,1,2,2023-2024
17/09/2023,Getafe,Osasuna,3,2,11,8,6,3,6,2,2023-2024
17/09/2023,Villarreal,Almeria,2,1,10,17,4,7,2,3,2023-2024
17/09/2023,Sevilla,Las Palmas,1,0,26,12,9,2,3,5,2023-2024
17/09/2023,Real Madrid,Sociedad,2,1,17,15,8,5,3,2,2023-2024
18/09/2023,Granada,Girona,2,4,12,13,5,7,3,3,2023-2024
22/09/2023,Alaves,Ath Bilbao,0,2,15,11,5,3,2,2,2023-2024
23/09/2023,Girona,Mallorca,5,3,23,15,10,5,1,5,2023-2024
23/09/2023,Osasuna,Sevilla,0,0,16,15,2,3,2,3,2023-2024
23/09/2023,Barcelona,Celta,3,2,15,13,6,7,2,1,2023-2024
23/09/2023,Almeria,Valencia,2,2,17,7,10,5,4,2,2023-2024
24/09/2023,Sociedad,Getafe,4,3,10,10,6,7,3,2,2023-2024
24/09/2023,Vallecano,Villarreal,1,1,11,13,6,6,2,3,2023-2024
24/09/2023,Betis,Cadiz,1,1,21,5,7,1,2,3,2023-2024
24/09/2023,Las Palmas,Granada,1,0,10,2,3,1,6,4,2023-2024
24/09/2023,Ath Madrid,Real Madrid,3,1,10,20,4,5,1,3,2023-2024
26/09/2023,Sevilla,Almeria,5,1,18,10,9,1,3,2,2023-2024
26/09/2023,Mallorca,Barcelona,2,2,10,10,5,4,4,1,2023-2024
27/09/2023,Ath Bilbao,Getafe,2,2,9,13,4,5,5,6,2023-2024
27/09/2023,Real Madrid,Las Palmas,2,0,21,16,9,2,0,1,2023-2024
27/09/2023,Villarreal,Girona,1,2,14,17,3,5,3,2,2023-2024
27/09/2023,Cadiz,Vallecano,0,0,9,9,2,4,5,6,2023-2024
27/09/2023,Valencia,Sociedad,0,1,9,2,2,1,4,7,2023-2024
28/09/2023,Celta,Alaves,1,1,8,21,0,11,5,3,2023-2024
28/09/2023,Granada,Betis,1,1,19,13,7,3,2,1,2023-2024
28/09/2023,Osasuna,Ath Madrid,0,2,13,4,2,3,3,3,2023-2024
29/09/2023,Barcelona,Sevilla,1,0,18,12,5,3,2,3,2023-2024
30/09/2023,Getafe,Villarreal,0,0,22,3,9,0,2,4,2023-2024
30/09/2023,Vallecano,Mallorca,2,2,19,9,5,4,2,5,2023-2024
30/09/2023,Girona,Real Madrid,0,3,13,14,3,7,2,2,2023-2024
30/09/2023,Sociedad,Ath Bilbao,3,0,8,18,5,3,2,2,2023-2024
01/10/2023,Almeria,Granada,3,3,17,19,5,4,2,1,2023-2024
01/10/2023,Alaves,Osasuna,0,2,17,10,3,3,2,3,2023-2024
01/10/2023,Ath Madrid,Cadiz,3,2,18,8,9,4,1,3,2023-2024
01/10/2023,Betis,Valencia,3,0,15,9,7,2,2,2,2023-2024
02/10/2023,Las Palmas,Celta,2,1,16,11,5,3,2,1,2023-2024
06/10/2023,Ath Bilbao,Almeria,3,0,23,4,9,1,2,0,2023-2024
07/10/2023,Cadiz,Girona,0,1,8,20,2,5,1,3,2023-2024
07/10/2023,Real Madrid,Osasuna,4,0,19,7,9,1,2,2,2023-2024
07/10/2023,Mallorca,Valencia,1,1,9,11,5,3,2,1,2023-2024
07/10/2023,Sevilla,Vallecano,2,2,22,7,6,4,5,2,2023-2024
08/10/2023,Villarreal,Las Palmas,1,2,9,8,4,5,4,4,2023-2024
08/10/2023,Ath Madrid,Sociedad,2,1,14,13,5,4,3,3,2023-2024
08/10/2023,Alaves,Betis,1,1,15,6,5,2,3,3,2023-2024
08/10/2023,Celta,Getafe,2,2,26,3,11,2,1,8,2023-2024
08/10/2023,Granada,Barcelona,2,2,7,22,2,10,4,1,2023-2024
20/10/2023,Osasuna,Granada,2,0,12,13,6,3,3,4,2023-2024
21/10/2023,Sociedad,Mallorca,1,0,14,18,6,7,3,3,2023-2024
21/10/2023,Getafe,Betis,1,1,14,13,4,3,5,2,2023-2024
21/10/2023,Sevilla,Real Madrid,1,1,17,14,7,5,5,2,2023-2024
21/10/2023,Celta,Ath Madrid,0,3,16,12,3,7,3,2,2023-2024
22/10/2023,Las Palmas,Vallecano,0,1,12,12,6,4,4,3,2023-2024
22/10/2023,Girona,Almeria,5,2,19,9,8,5,1,2,2023-2024
22/10/2023,Villarreal,Alaves,1,1,12,16,3,7,4,3,2023-2024
22/10/2023,Barcelona,Ath Bilbao,1,0,12,10,7,3,3,3,2023-2024
23/10/2023,Valencia,Cadiz,2,0,12,5,4,4,0,3,2023-2024
27/10/2023,Girona,Celta,1,0,12,4,2,2,3,2,2023-2024
28/10/2023,Almeria,Las Palmas,1,2,10,10,4,3,3,1,2023-2024
28/10/2023,Barcelona,Real Madrid,1,2,15,13,3,4,2,1,2023-2024
28/10/2023,Mallorca,Getafe,0,0,15,8,4,0,0,1,2023-2024
28/10/2023,Cadiz,Sevilla,2,2,10,20,5,10,6,4,2023-2024
29/10/2023,Betis,Osasuna,2,1,9,7,2,1,3,4,2023-2024
29/10/2023,Vallecano,Sociedad,2,2,16,15,7,3,3,2,2023-2024
29/10/2023,Ath Bilbao,Valencia,2,2,12,11,7,5,3,1,2023-2024
29/10/2023,Ath Madrid,Alaves,2,1,11,8,7,1,3,2,2023-2024
30/10/2023,Granada,Villarreal,2,3,18,6,8,5,0,4,2023-2024
03/11/2023,Las Palmas,Ath Madrid,2,1,9,13,3,5,0,3,2023-2024
04/11/2023,Osasuna,Girona,2,4,15,11,3,4,5,3,2023-2024
04/11/2023,Betis,Mallorca,2,0,22,8,3,1,1,4,2023-2024
04/11/2023,Celta,Sevilla,1,1,15,13,3,5,2,5,2023-2024
04/11/2023,Sociedad,Barcelona,0,1,13,12,6,4,3,3,2023-2024
05/11/2023,Alaves,Almeria,1,0,23,9,3,3,2,3,2023-2024
05/11/2023,Valencia,Granada,1,0,11,6,2,1,3,5,2023-2024
05/11/2023,Villarreal,Ath Bilbao,2,3,17,17,6,7,4,4,2023-2024
05/11/2023,Real Madrid,Vallecano,0,0,22,4,5,0,3,5,2023-2024
06/11/2023,Getafe,Cadiz,1,0,13,6,3,2,7,1,2023-2024
10/11/2023,Ath Bilbao,Celta,4,3,21,13,12,5,2,2,2023-2024
11/11/2023,Vallecano,Girona,1,2,22,19,9,7,1,2,2023-2024
11/11/2023,Almeria,Sociedad,1,3,7,18,2,6,2,2,2023-2024
11/11/2023,Granada,Getafe,1,1,12,10,6,6,4,2,2023-2024
11/11/2023,Osasuna,Las Palmas,1,1,11,6,3,1,1,1,2023-2024
11/11/2023,Real Madrid,Valencia,5,1,16,10,7,4,1,3,2023-2024
12/11/2023,Barcelona,Alaves,2,1,11,8,6,1,2,1,2023-2024
12/11/2023,Sevilla,Betis,1,1,13,14,4,6,1,1,2023-2024
12/11/2023,Ath Madrid,Villarreal,3,1,25,11,10,7,0,2,2023-2024
24/11/2023,Alaves,Granada,3,1,8,11,5,4,1,3,2023-2024
25/11/2023,Vallecano,Barcelona,1,1,10,15,4,4,3,4,2023-2024
25/11/2023,Valencia,Celta,0,0,8,13,0,1,3,2,2023-2024
25/11/2023,Getafe,Almeria,2,1,18,13,5,4,2,4,2023-2024
25/11/2023,Ath Madrid,Mallorca,1,0,20,8,3,1,0,0,2023-2024
26/11/2023,Villarreal,Osasuna,3,1,10,15,3,7,0,0,2023-2024
26/11/2023,Sociedad,Sevilla,2,1,11,8,8,2,2,1,2023-2024
26/11/2023,Cadiz,Real Madrid,0,3,13,14,4,5,3,3,2023-2024
26/11/2023,Betis,Las Palmas,1,0,12,15,6,4,1,2,2023-2024
27/11/2023,Girona,Ath Bilbao,1,1,12,13,2,6,1,1,2023-2024
29/11/2023,Mallorca,Cadiz,1,1,16,6,3,3,2,3,2023-2024
01/12/2023,Las Palmas,Getafe,2,0,11,12,6,4,0,5,2023-2024
02/12/2023,Girona,Valencia,2,1,9,9,5,3,2,3,2023-2024
02/12/2023,Ath Bilbao,Vallecano,4,0,9,11,4,3,1,2,2023-2024
02/12/2023,Real Madrid,Granada,2,0,11,1,4,0,2,1,2023-2024
02/12/2023,Osasuna,Sociedad,1,1,9,17,3,5,3,3,2023-2024
03/12/2023,Mallorca,Alaves,0,0,7,7,3,4,4,2,2023-2024
03/12/2023,Almeria,Betis,0,0,20,6,8,2,0,3,2023-2024
03/12/2023,Sevilla,Villarreal,1,1,18,5,4,4,3,2,2023-2024
03/12/2023,Barcelona,Ath Madrid,1,0,13,9,2,4,5,4,2023-2024
04/12/2023,Celta,Cadiz,1,1,26,2,7,1,1,6,2023-2024
08/12/2023,Getafe,Valencia,1,0,8,3,6,0,2,4,2023-2024
09/12/2023,Alaves,Las Palmas,0,1,19,9,5,2,3,4,2023-2024
09/12/2023,Betis,Real Madrid,1,1,14,12,6,2,2,1,2023-2024
09/12/2023,Villarreal,Sociedad,0,3,20,16,4,5,2,1,2023-2024
09/12/2023,Mallorca,Sevilla,1,0,6,19,3,5,2,2,2023-2024
10/12/2023,Ath Madrid,Almeria,2,1,13,19,4,5,1,0,2023-2024
10/12/2023,Cadiz,Osasuna,1,1,12,13,5,5,1,2,2023-2024
10/12/2023,Barcelona,Girona,2,4,31,15,11,7,1,2,2023-2024
11/12/2023,Granada,Ath Bilbao,1,1,7,19,4,4,0,2,2023-2024
11/12/2023,Vallecano,Celta,0,0,17,4,4,2,3,0,2023-2024
15/12/2023,Osasuna,Vallecano,1,0,10,9,4,3,2,3,2023-2024
16/12/2023,Celta,Granada,1,0,11,7,4,2,6,2,2023-2024
16/12/2023,Ath Bilbao,Ath Madrid,2,0,16,7,7,3,0,1,2023-2024
16/12/2023,Sevilla,Getafe,0,3,12,14,4,7,3,3,2023-2024
16/12/2023,Valencia,Barcelona,1,1,11,16,4,8,1,2,2023-2024
17/12/2023,Almeria,Mallorca,0,0,7,20,1,2,2,1,2023-2024
17/12/2023,Sociedad,Betis,0,0,12,12,4,3,3,4,2023-2024
17/12/2023,Las Palmas,Cadiz,1,1,7,13,2,5,1,3,2023-2024
17/12/2023,Real Madrid,Villarreal,4,1,22,3,9,1,2,3,2023-2024
18/12/2023,Girona,Alaves,3,0,9,12,4,2,0,1,2023-2024
19/12/2023,Vallecano,Valencia,0,1,7,8,1,3,1,5,2023-2024
19/12/2023,Ath Madrid,Getafe,3,3,8,29,4,9,3,3,2023-2024
19/12/2023,Granada,Sevilla,0,3,12,12,3,5,2,1,2023-2024
20/12/2023,Barcelona,Almeria,3,2,30,10,11,5,3,3,2023-2024
20/12/2023,Ath Bilbao,Las Palmas,1,0,19,5,10,1,1,3,2023-2024
20/12/2023,Villarreal,Celta,3,2,12,15,8,5,2,4,2023-2024
21/12/2023,Betis,Girona,1,1,21,12,4,4,2,2,2023-2024
21/12/2023,Cadiz,Sociedad,0,0,10,8,2,1,3,1,2023-2024
21/12/2023,Alaves,Real Madrid,0,1,8,9,2,4,3,1,2023-2024
21/12/2023,Mallorca,Osasuna,3,2,15,12,8,7,3,1,2023-2024
23/12/2023,Ath Madrid,Sevilla,1,0,12,8,4,2,7,3,2023-2024
02/01/2024,Getafe,Vallecano,0,2,5,12,0,8,6,3,2023-2024
02/01/2024,Sociedad,Alaves,1,1,16,7,6,2,4,4,2023-2024
02/01/2024,Valencia,Villarreal,3,1,11,8,8,4,2,5,2023-2024
03/01/2024,Granada,Cadiz,2,0,15,15,8,2,3,4,2023-2024
03/01/2024,Celta,Betis,2,1,19,14,6,3,0,2,2023-2024
03/01/2024,Real Madrid,Mallorca,1,0,17,7,5,0,2,3,2023-2024
03/01/2024,Girona,Ath Madrid,4,3,17,18,9,12,0,1,2023-2024
04/01/2024,Osasuna,Almeria,1,0,14,4,2,0,1,2,2023-2024
04/01/2024,Sevilla,Ath Bilbao,0,2,11,15,2,6,3,1,2023-2024
04/01/2024,Las Palmas,Barcelona,1,2,12,15,3,5,5,2,2023-2024
12/01/2024,Sevilla,Alaves,2,3,19,16,4,8,4,3,2023-2024
13/01/2024,Las Palmas,Villarreal,3,0,8,17,3,3,4,3,2023-2024
13/01/2024,Mallorca,Celta,1,1,17,6,6,2,4,1,2023-2024
13/01/2024,Ath Bilbao,Sociedad,2,1,10,9,3,1,1,4,2023-2024
13/01/2024,Betis,Granada,1,0,25,6,6,2,3,4,2023-2024
14/01/2024,Almeria,Girona,0,0,20,5,3,1,4,4,2023-2024
14/01/2024,Cadiz,Valencia,1,4,10,9,2,5,4,2,2023-2024
19/01/2024,Alaves,Cadiz,1,0,13,9,3,1,0,4,2023-2024
20/01/2024,Vallecano,Las Palmas,0,2,16,10,3,5,3,1,2023-2024
20/01/2024,Villarreal,Mallorca,1,1,18,8,5,2,2,2,2023-2024
20/01/2024,Valencia,Ath Bilbao,1,0,6,6,1,3,0,3,2023-2024
20/01/2024,Celta,Sociedad,0,1,6,6,2,2,1,2,2023-2024
21/01/2024,Osasuna,Getafe,3,2,13,10,7,7,4,4,2023-2024
21/01/2024,Real Madrid,Almeria,3,2,18,10,6,2,3,5,2023-2024
21/01/2024,Betis,Barcelona,2,4,14,11,5,4,1,2,2023-2024
21/01/2024,Girona,Sevilla,5,1,12,9,8,3,0,2,2023-2024
22/01/2024,Granada,Ath Madrid,0,1,17,10,2,5,2,2,2023-2024
26/01/2024,Almeria,Alaves,0,3,19,11,7,3,1,2,2023-2024
27/01/2024,Sociedad,Vallecano,0,0,6,5,3,0,2,4,2023-2024
27/01/2024,Las Palmas,Real Madrid,1,2,7,13,2,5,3,3,2023-2024
27/01/2024,Barcelona,Villarreal,3,5,22,9,10,6,3,4,2023-2024
27/01/2024,Mallorca,Betis,0,1,14,8,1,2,2,1,2023-2024
28/01/2024,Celta,Girona,0,1,10,15,5,6,1,1,2023-2024
28/01/2024,Cadiz,Ath Bilbao,0,0,9,8,2,0,4,2,2023-2024
28/01/2024,Sevilla,Osasuna,1,1,10,11,5,4,3,0,2023-2024
28/01/2024,Ath Madrid,Valencia,2,0,12,10,8,3,2,0,2023-2024
29/01/2024,Getafe,Granada,2,0,7,16,4,3,2,1,2023-2024
31/01/2024,Barcelona,Osasuna,1,0,16,9,4,1,1,2,2023-2024
31/01/2024,Ath Madrid,Vallecano,2,1,8,10,3,2,0,3,2023-2024
01/02/2024,Getafe,Real Madrid,0,2,10,16,2,9,1,2,2023-2024
02/02/2024,Ath Bilbao,Mallorca,4,0,13,6,6,2,0,1,2023-2024
03/02/2024,Valencia,Almeria,2,1,7,15,2,5,4,5,2023-2024
03/02/2024,Granada,Las Palmas,1,1,3,16,1,6,4,3,2023-2024
03/02/2024,Alaves,Barcelona,1,3,13,8,2,5,2,2,2023-2024
03/02/2024,Girona,Sociedad,0,0,11,11,3,2,2,3,2023-2024
04/02/2024,Villarreal,Cadiz,0,0,19,8,4,2,3,1,2023-2024
04/02/2024,Osasuna,Celta,0,3,18,6,1,5,2,0,2023-2024
04/02/2024,Betis,Getafe,1,1,9,11,3,2,7,4,2023-2024
04/02/2024,Real Madrid,Ath Madrid,1,1,17,10,4,5,0,5,2023-2024
05/02/2024,Vallecano,Sevilla,1,2,22,10,5,6,2,2,2023-2024
09/02/2024,Cadiz,Betis,0,2,14,13,5,5,1,1,2023-2024
10/02/2024,Alaves,Villarreal,1,1,17,12,4,4,0,2,2023-2024
10/02/2024,Sociedad,Osasuna,0,1,21,9,3,2,0,0,2023-2024
10/02/2024,Real Madrid,Girona,4,0,16,5,6,0,1,2,2023-2024
10/02/2024,Las Palmas,Valencia,2,0,8,7,3,1,2,0,2023-2024
11/02/2024,Getafe,Celta,3,2,11,9,4,4,1,2,2023-2024
11/02/2024,Mallorca,Vallecano,2,1,8,11,5,4,4,0,2023-2024
11/02/2024,Sevilla,Ath Madrid,1,0,10,16,6,5,2,1,2023-2024
11/02/2024,Barcelona,Granada,3,3,11,11,6,5,1,2,2023-2024
12/02/2024,Almeria,Ath Bilbao,0,0,10,12,4,4,4,1,2023-2024
16/02/2024,Villarreal,Getafe,1,1,20,11,7,2,0,1,2023-2024
17/02/2024,Ath Madrid,Las Palmas,5,0,13,11,7,2,2,2,2023-2024
17/02/2024,Osasuna,Cadiz,2,0,11,5,4,1,4,2,2023-2024
17/02/2024,Celta,Barcelona,1,2,13,14,4,4,2,4,2023-2024
17/02/2024,Valencia,Sevilla,0,0,14,1,4,1,0,1,2023-2024
18/02/2024,Vallecano,Real Madrid,1,1,8,11,3,4,4,3,2023-2024
18/02/2024,Granada,Almeria,1,1,19,13,7,3,2,3,2023-2024
18/02/2024,Mallorca,Sociedad,1,2,4,19,1,5,7,5,2023-2024
18/02/2024,Betis,Alaves,0,0,13,13,2,4,5,2,2023-2024
19/02/2024,Ath Bilbao,Girona,3,2,14,12,7,6,1,2,2023-2024
23/02/2024,Sociedad,Villarreal,1,3,21,6,8,4,3,4,2023-2024
24/02/2024,Barcelona,Getafe,4,0,17,10,9,4,1,4,2023-2024
24/02/2024,Alaves,Mallorca,1,1,9,15,1,8,0,2,2023-2024
24/02/2024,Almeria,Ath Madrid,2,2,9,18,4,9,1,1,2023-2024
25/02/2024,Cadiz,Celta,2,2,19,7,6,3,2,3,2023-2024
25/02/2024,Betis,Ath Bilbao,3,1,13,3,5,1,1,6,2023-2024
25/02/2024,Las Palmas,Osasuna,1,1,9,6,3,2,2,1,2023-2024
25/02/2024,Real Madrid,Sevilla,1,0,16,4,6,1,1,3,2023-2024
26/02/2024,Girona,Vallecano,3,0,14,7,8,1,3,5,2023-2024
01/03/2024,Celta,Almeria,1,0,15,3,6,0,1,2,2023-2024
02/03/2024,Sevilla,Sociedad,3,2,12,13,5,4,1,2,2023-2024
02/03/2024,Vallecano,Cadiz,1,1,9,16,5,5,1,1,2023-2024
02/03/2024,Getafe,Las Palmas,3,3,16,14,5,5,4,1,2023-2024
02/03/2024,Valencia,Real Madrid,2,2,12,10,5,5,2,3,2023-2024
03/03/2024,Villarreal,Granada,5,1,16,9,10,3,1,2,2023-2024
03/03/2024,Ath Madrid,Betis,2,1,17,12,12,6,1,2,2023-2024
03/03/2024,Mallorca,Girona,1,0,16,15,2,4,5,0,2023-2024
03/03/2024,Ath Bilbao,Barcelona,0,0,8,8,2,2,3,3,2023-2024
04/03/2024,Osasuna,Alaves,1,0,15,10,4,4,2,1,2023-2024
08/03/2024,Barcelona,Mallorca,1,0,20,9,6,3,1,1,2023-2024
09/03/2024,Valencia,Getafe,1,0,10,15,3,5,2,3,2023-2024
09/03/2024,Cadiz,Ath Madrid,2,0,7,8,3,4,4,5,2023-2024
09/03/2024,Granada,Sociedad,2,3,13,11,6,8,1,2,2023-2024
09/03/2024,Girona,Osasuna,2,0,11,7,6,1,3,3,2023-2024
10/03/2024,Alaves,Vallecano,1,0,12,9,4,3,2,2,2023-2024
10/03/2024,Las Palmas,Ath Bilbao,0,2,14,7,2,2,3,3,2023-2024
10/03/2024,Real Madrid,Celta,4,0,24,11,13,1,2,3,2023-2024
10/03/2024,Betis,Villarreal,2,3,13,6,4,4,3,4,2023-2024
11/03/2024,Almeria,Sevilla,2,2,14,19,4,6,2,2,2023-2024
15/03/2024,Sociedad,Cadiz,2,0,14,13,6,2,3,1,2023-2024
16/03/2024,Mallorca,Granada,1,0,18,8,8,3,2,0,2023-2024
16/03/2024,Osasuna,Real Madrid,2,4,9,17,4,9,3,2,2023-2024
16/03/2024,Getafe,Girona,1,0,11,13,3,3,4,4,2023-2024
16/03/2024,Ath Bilbao,Alaves,2,0,16,7,4,3,1,3,2023-2024
17/03/2024,Sevilla,Celta,1,2,11,18,4,5,4,0,2023-2024
17/03/2024,Las Palmas,Almeria,0,1,21,3,6,2,2,2,2023-2024
17/03/2024,Villarreal,Valencia,1,0,13,14,7,7,5,1,2023-2024
17/03/2024,Vallecano,Betis,2,0,8,11,4,1,4,4,2023-2024
17/03/2024,Ath Madrid,Barcelona,0,3,12,9,3,5,3,1,2023-2024
29/03/2024,Cadiz,Granada,1,0,13,10,5,2,2,4,2023-2024
30/03/2024,Getafe,Sevilla,0,1,18,10,5,3,4,5,2023-2024
30/03/2024,Almeria,Osasuna,0,3,12,6,5,4,3,2,2023-2024
30/03/2024,Valencia,Mallorca,0,0,14,11,5,3,0,2,2023-2024
30/03/2024,Barcelona,Las Palmas,1,0,14,8,2,0,5,1,2023-2024
31/03/2024,Celta,Vallecano,0,0,13,8,0,2,3,3,2023-2024
31/03/2024,Girona,Betis,3,2,9,7,5,4,3,4,2023-2024
31/03/2024,Alaves,Sociedad,0,1,3,12,0,3,2,2,2023-2024
31/03/2024,Real Madrid,Ath Bilbao,2,0,9,7,4,3,2,1,2023-2024
01/04/2024,Villarreal,Ath Madrid,1,2,11,14,2,8,3,3,2023-2024
04/04/2024,Granada,Valencia,0,1,13,6,3,2,3,1,2023-2024
12/04/2024,Betis,Celta,2,1,15,12,3,5,1,0,2023-2024
13/04/2024,Ath Madrid,Girona,3,1,17,12,4,5,3,2,2023-2024
13/04/2024,Vallecano,Getafe,0,0,11,7,2,0,4,6,2023-2024
13/04/2024,Mallorca,Real Madrid,0,1,6,16,2,9,2,1,2023-2024
13/04/2024,Cadiz,Barcelona,0,1,14,12,3,2,3,3,2023-2024
14/04/2024,Las Palmas,Sevilla,0,2,5,10,2,3,3,3,2023-2024
14/04/2024,Granada,Alaves,2,0,9,8,3,3,3,2,2023-2024
14/04/2024,Ath Bilbao,Villarreal,1,1,13,10,6,2,3,3,2023-2024
14/04/2024,Sociedad,Almeria,2,2,17,7,4,3,2,2,2023-2024
15/04/2024,Osasuna,Valencia,0,1,13,4,2,3,0,2,2023-2024
19/04/2024,Ath Bilbao,Granada,1,1,17,5,6,0,4,2,2023-2024
20/04/2024,Celta,Las Palmas,4,1,21,9,13,4,1,0,2023-2024
20/04/2024,Vallecano,Osasuna,2,1,17,6,6,2,4,1,2023-2024
20/04/2024,Valencia,Betis,1,2,8,12,5,6,2,3,2023-2024
20/04/2024,Girona,Cadiz,4,1,10,12,5,5,1,2,2023-2024
21/04/2024,Getafe,Sociedad,1,1,6,7,4,3,0,2,2023-2024
21/04/2024,Almeria,Villarreal,1,2,24,11,5,3,3,4,2023-2024
21/04/2024,Alaves,Ath Madrid,2,0,8,15,3,4,5,3,2023-2024
21/04/2024,Real Madrid,Barcelona,3,2,14,14,8,6,3,2,2023-2024
22/04/2024,Sevilla,Mallorca,2,1,11,8,4,6,0,2,2023-2024
26/04/2024,Sociedad,Real Madrid,0,1,9,5,3,3,3,4,2023-2024
27/04/2024,Las Palmas,Girona,0,2,10,6,5,3,1,3,2023-2024
27/04/2024,Almeria,Getafe,1,3,21,8,11,5,5,4,2023-2024
27/04/2024,Alaves,Celta,3,0,16,4,8,0,3,3,2023-2024
27/04/2024,Ath Madrid,Ath Bilbao,3,1,8,7,3,1,3,2,2023-2024
28/04/2024,Cadiz,Mallorca,1,1,10,9,2,2,3,2,2023-2024
28/04/2024,Granada,Osasuna,3,0,12,11,4,2,4,0,2023-2024
28/04/2024,Villarreal,Vallecano,3,0,15,20,7,4,2,1,2023-2024
28/04/2024,Betis,Sevilla,1,1,15,10,5,1,3,5,2023-2024
29/04/2024,Barcelona,Valencia,4,2,27,5,13,3,1,0,2023-2024
03/05/2024,Getafe,Ath Bilbao,0,2,34,7,9,2,0,2,2023-2024
04/05/2024,Sociedad,Las Palmas,2,0,9,7,4,1,2,1,2023-2024
04/05/2024,Real Madrid,Cadiz,3,0,19,7,9,2,0,1,2023-2024
04/05/2024,Girona,Barcelona,4,2,9,16,7,7,0,3,2023-2024
04/05/2024,Mallorca,Ath Madrid,0,1,7,9,4,4,2,0,2023-2024
05/05/2024,Osasuna,Betis,0,2,12,10,2,4,2,2,2023-2024
05/05/2024,Celta,Villarreal,3,2,23,11,7,3,4,0,2023-2024
05/05/2024,Valencia,Alaves,0,1,13,14,1,4,1,3,2023-2024
05/05/2024,Sevilla,Granada,3,0,11,8,5,3,2,2,2023-2024
05/05/2024,Vallecano,Almeria,0,1,27,7,10,2,3,2,2023-2024
10/05/2024,Alaves,Girona,2,2,14,15,8,5,3,2,2023-2024
11/05/2024,Mallorca,Las Palmas,1,0,7,7,2,1,6,2,2023-2024
11/05/2024,Villarreal,Sevilla,3,2,25,8,7,4,3,5,2023-2024
11/05/2024,Granada,Real Madrid,0,4,12,13,1,7,2,0,2023-2024
11/05/2024,Ath Bilbao,Osasuna,2,2,15,13,6,3,2,4,2023-2024
12/05/2024,Cadiz,Getafe,1,0,13,10,6,4,5,2,2023-2024
12/05/2024,Ath Madrid,Celta,1,0,21,6,8,2,1,1,2023-2024
12/05/2024,Valencia,Vallecano,0,0,13,12,5,1,1,2,2023-2024
12/05/2024,Betis,Almeria,3,2,14,14,7,7,0,2,2023-2024
13/05/2024,Barcelona,Sociedad,2,0,14,10,5,3,2,3,2023-2024
14/05/2024,Osasuna,Mallorca,1,1,10,10,4,4,0,1,2023-2024
14/05/2024,Real Madrid,Alaves,5,0,22,18,11,10,1,1,2023-2024
14/05/2024,Girona,Villarreal,0,1,22,11,5,3,1,5,2023-2024
15/05/2024,Sevilla,Cadiz,0,1,14,19,3,7,6,2,2023-2024
15/05/2024,Vallecano,Granada,2,1,18,10,9,1,4,3,2023-2024
15/05/2024,Celta,Ath Bilbao,2,1,10,7,4,2,2,0,2023-2024
15/05/2024,Getafe,Ath Madrid,0,3,8,7,3,3,4,3,2023-2024
16/05/2024,Las Palmas,Betis,2,2,16,6,9,4,2,1,2023-2024
16/05/2024,Almeria,Barcelona,0,2,12,16,3,7,0,1,2023-2024
16/05/2024,Sociedad,Valencia,1,0,10,7,5,3,0,2,2023-2024
18/05/2024,Alaves,Getafe,1,0,9,10,2,4,5,7,2023-2024
19/05/2024,Ath Bilbao,Sevilla,2,0,15,9,6,4,1,1,2023-2024
19/05/2024,Ath Madrid,Osasuna,1,4,15,15,2,6,2,2,2023-2024
19/05/2024,Barcelona,Vallecano,3,0,14,15,6,4,4,2,2023-2024
19/05/2024,Betis,Sociedad,0,2,18,5,9,2,3,4,2023-2024
19/05/2024,Cadiz,Las Palmas,0,0,10,9,3,1,3,1,2023-2024
19/05/2024,Granada,Celta,1,2,11,8,3,5,2,1,2023-2024
19/05/2024,Mallorca,Almeria,2,2,29,7,8,3,2,3,2023-2024
19/05/2024,Valencia,Girona,1,3,20,18,6,5,2,0,2023-2024
19/05/2024,Villarreal,Real Madrid,4,4,21,12,7,6,3,2,2023-2024
24/05/2024,Girona,Granada,7,0,16,10,9,2,3,5,2023-2024
25/05/2024,Osasuna,Villarreal,1,1,12,11,6,3,4,3,2023-2024
25/05/2024,Sociedad,Ath Madrid,0,2,14,10,4,4,3,5,2023-2024
25/05/2024,Almeria,Cadiz,6,1,27,12,12,4,2,2,2023-2024
25/05/2024,Vallecano,Ath Bilbao,0,1,17,7,4,1,1,1,2023-2024
25/05/2024,Real Madrid,Betis,0,0,13,11,5,3,2,1,2023-2024
26/05/2024,Getafe,Mallorca,1,2,16,9,6,4,0,2,2023-2024
26/05/2024,Celta,Valencia,2,2,9,12,4,1,0,0,2023-2024
26/05/2024,Las Palmas,Alaves,1,1,10,14,4,4,2,1,2023-2024
26/05/2024,Sevilla,Barcelona,1,2,15,11,6,6,2,1,2023-2024
15/08/2024,Ath Bilbao,Getafe,1,1,7,9,4,2,4,1,2024-2025
15/08/2024,Betis,Girona,1,1,19,13,4,2,2,0,2024-2025
16/08/2024,Celta,Alaves,2,1,6,10,4,2,3,2,2024-2025
16/08/2024,Las Palmas,Sevilla,2,2,13,16,5,5,0,0,2024-2025
17/08/2024,Osasuna,Leganes,1,1,16,10,5,4,3,2,2024-2025
17/08/2024,Valencia,Barcelona,1,2,6,18,1,8,2,3,2024-2025
18/08/2024,Sociedad,Vallecano,1,2,11,12,5,5,2,4,2024-2025
18/08/2024,Mallorca,Real Madrid,1,1,12,13,5,4,1,0,2024-2025
19/08/2024,Valladolid,Espanol,1,0,12,10,3,2,2,2,2024-2025
19/08/2024,Villarreal,Ath Madrid,2,2,8,10,3,5,1,3,2024-2025
23/08/2024,Celta,Valencia,3,1,7,13,5,5,3,0,2024-2025
23/08/2024,Sevilla,Villarreal,1,2,15,6,9,5,3,5,2024-2025
24/08/2024,Osasuna,Mallorca,1,0,15,11,5,2,2,1,2024-2025
24/08/2024,Barcelona,Ath Bilbao,2,1,13,9,5,2,4,5,2024-2025
24/08/2024,Espanol,Sociedad,0,1,13,8,3,4,2,2,2024-2025
24/08/2024,Getafe,Vallecano,0,0,12,3,0,1,1,2,2024-2025
25/08/2024,Real Madrid,Valladolid,3,0,17,8,9,2,1,1,2024-2025
25/08/2024,Leganes,Las Palmas,2,1,10,10,5,5,1,1,2024-2025
25/08/2024,Alaves,Betis,0,0,3,13,1,3,1,4,2024-2025
25/08/2024,Ath Madrid,Girona,3,0,11,13,6,5,1,3,2024-2025
26/08/2024,Villarreal,Celta,4,3,22,18,9,8,4,3,2024-2025
27/08/2024,Mallorca,Sevilla,0,0,12,16,4,7,0,1,2024-2025
27/08/2024,Vallecano,Barcelona,1,2,8,22,4,5,3,1,2024-2025
28/08/2024,Ath Bilbao,Valencia,1,0,13,2,4,0,1,3,2024-2025
28/08/2024,Valladolid,Leganes,0,0,12,8,2,1,1,5,2024-2025
28/08/2024,Ath Madrid,Espanol,0,0,24,8,7,1,0,2,2024-2025
28/08/2024,Sociedad,Alaves,1,2,8,12,1,5,4,4,2024-2025
29/08/2024,Girona,Osasuna,4,0,10,1,5,0,0,0,2024-2025
29/08/2024,Las Palmas,Real Madrid,1,1,7,25,3,8,0,2,2024-2025
31/08/2024,Barcelona,Valladolid,7,0,23,5,10,2,0,3,2024-2025
31/08/2024,Ath Bilbao,Ath Madrid,0,1,8,9,1,2,3,1,2024-2025
31/08/2024,Espanol,Vallecano,2,1,10,17,5,5,3,2,2024-2025
31/08/2024,Leganes,Mallorca,0,1,4,12,2,3,1,3,2024-2025
31/08/2024,Valencia,Villarreal,1,1,22,9,6,3,3,5,2024-2025
01/09/2024,Alaves,Las Palmas,2,0,15,12,5,7,3,0,2024-2025
01/09/2024,Osasuna,Celta,3,2,10,12,4,3,2,0,2024-2025
01/09/2024,Sevilla,Girona,0,2,16,11,5,4,3,2,2024-2025
01/09/2024,Getafe,Sociedad,0,0,16,1,1,0,1,1,2024-2025
01/09/2024,Real Madrid,Betis,2,0,20,12,8,2,2,0,2024-2025
13/09/2024,Betis,Leganes,2,0,14,3,5,0,1,2,2024-2025
14/09/2024,Mallorca,Villarreal,1,2,10,21,5,4,3,3,2024-2025
14/09/2024,Espanol,Alaves,3,2,9,19,4,6,2,3,2024-2025
14/09/2024,Sevilla,Getafe,1,0,10,15,4,4,3,4,2024-2025
14/09/2024,Sociedad,Real Madrid,0,2,11,16,2,7,4,1,2024-2025
15/09/2024,Celta,Valladolid,3,1,14,6,7,1,3,5,2024-2025
15/09/2024,Girona,Barcelona,1,4,9,20,4,9,3,2,2024-2025
15/09/2024,Las Palmas,Ath Bilbao,2,3,15,9,6,4,1,2,2024-2025
15/09/2024,Ath Madrid,Valencia,3,0,14,5,5,1,1,2,2024-2025
16/09/2024,Vallecano,Osasuna,3,1,17,5,6,2,3,2,2024-2025
17/09/2024,Mallorca,Sociedad,1,0,10,13,4,4,1,1,2024-2025
18/09/2024,Betis,Getafe,2,1,18,15,8,5,3,5,2024-2025
19/09/2024,Leganes,Ath Bilbao,0,2,14,10,3,4,3,0,2024-2025
20/09/2024,Alaves,Sevilla,2,1,10,8,4,2,1,4,2024-2025
21/09/2024,Valladolid,Sociedad,0,0,15,14,2,4,4,4,2024-2025
21/09/2024,Osasuna,Las Palmas,2,1,13,11,2,4,2,5,2024-2025
21/09/2024,Valencia,Girona,2,0,7,8,2,3,3,2,2024-2025
21/09/2024,Real Madrid,Espanol,4,1,31,10,14,2,4,3,2024-2025
22/09/2024,Getafe,Leganes,1,1,12,6,3,3,3,2,2024-2025
22/09/2024,Ath Bilbao,Celta,3,1,10,11,7,4,3,2,2024-2025
22/09/2024,Villarreal,Barcelona,1,5,13,17,4,10,6,1,2024-2025
22/09/2024,Vallecano,Ath Madrid,1,1,15,10,3,5,0,0,2024-2025
23/09/2024,Betis,Mallorca,1,2,14,6,6,6,3,2,2024-2025
24/09/2024,Sevilla,Valladolid,2,1,22,8,5,2,5,4,2024-2025
24/09/2024,Valencia,Osasuna,0,0,10,9,2,2,2,3,2024-2025
24/09/2024,Real Madrid,Alaves,3,2,10,12,4,3,4,0,2024-2025
25/09/2024,Girona,Vallecano,0,0,11,2,0,0,3,4,2024-2025
25/09/2024,Barcelona,Getafe,1,0,16,7,4,1,1,1,2024-2025
26/09/2024,Espanol,Villarreal,1,2,11,15,2,4,5,3,2024-2025
26/09/2024,Las Palmas,Betis,1,1,8,14,2,5,4,2,2024-2025
26/09/2024,Celta,Ath Madrid,0,1,9,7,4,2,2,2,2024-2025
27/09/2024,Valladolid,Mallorca,1,2,11,14,1,6,3,2,2024-2025
28/09/2024,Getafe,Alaves,2,0,14,9,8,1,3,6,2024-2025
28/09/2024,Vallecano,Leganes,1,1,15,13,6,3,2,1,2024-2025
28/09/2024,Sociedad,Valencia,3,0,11,9,6,4,0,0,2024-2025
28/09/2024,Osasuna,Barcelona,4,2,11,12,6,5,2,2,2024-2025
29/09/2024,Celta,Girona,1,1,12,9,2,4,1,0,2024-2025
29/09/2024,Ath Bilbao,Sevilla,1,1,13,13,3,4,0,3,2024-2025
29/09/2024,Betis,Espanol,1,0,20,8,12,1,2,4,2024-2025
29/09/2024,Ath Madrid,Real Madrid,1,1,12,12,4,4,3,1,2024-2025
30/09/2024,Villarreal,Las Palmas,3,1,17,7,7,3,0,3,2024-2025
04/10/2024,Leganes,Valencia,0,0,8,6,0,1,2,2,2024-2025
05/10/2024,Espanol,Mallorca,2,1,8,11,3,4,1,5,2024-2025
05/10/2024,Getafe,Osasuna,1,1,11,6,3,2,2,4,2024-2025
05/10/2024,Las Palmas,Celta,0,1,24,8,5,1,3,8,2024-2025
05/10/2024,Valladolid,Vallecano,1,2,13,17,5,3,4,2,2024-2025
05/10/2024,Real Madrid,Villarreal,2,0,11,10,2,1,0,1,2024-2025
06/10/2024,Girona,Ath Bilbao,2,1,14,13,6,4,4,3,2024-2025
06/10/2024,Alaves,Barcelona,0,3,11,14,2,8,2,2,2024-2025
06/10/2024,Sevilla,Betis,1,0,14,11,5,3,6,3,2024-2025
06/10/2024,Sociedad,Ath Madrid,1,1,16,4,8,1,0,2,2024-2025
18/10/2024,Alaves,Valladolid,2,3,10,12,4,4,6,2,2024-2025
19/10/2024,Ath Bilbao,Espanol,4,1,10,5,6,2,2,3,2024-2025
19/10/2024,Osasuna,Betis,1,2,19,11,6,7,2,1,2024-2025
19/10/2024,Girona,Sociedad,0,1,8,14,3,4,2,1,2024-2025
19/10/2024,Celta,Real Madrid,1,2,13,10,5,3,2,1,2024-2025
20/10/2024,Mallorca,Vallecano,1,0,19,10,5,2,1,1,2024-2025
20/10/2024,Ath Madrid,Leganes,3,1,24,5,9,2,5,1,2024-2025
20/10/2024,Villarreal,Getafe,1,1,10,21,4,4,4,3,2024-2025
20/10/2024,Barcelona,Sevilla,5,1,21,7,9,1,1,2,2024-2025
21/10/2024,Valencia,Las Palmas,2,3,14,11,7,6,4,9,2024-2025
25/10/2024,Espanol,Sevilla,0,2,16,6,1,3,2,0,2024-2025
26/10/2024,Valladolid,Villarreal,1,2,7,21,3,9,4,3,2024-2025
26/10/2024,Vallecano,Alaves,1,0,16,15,4,7,2,4,2024-2025
26/10/2024,Las Palmas,Girona,1,0,12,8,3,3,4,5,2024-2025
26/10/2024,Real Madrid,Barcelona,0,4,9,15,4,7,2,5,2024-2025
27/10/2024,Leganes,Celta,3,0,7,18,4,5,2,2,2024-2025
27/10/2024,Getafe,Valencia,1,1,15,2,4,1,3,7,2024-2025
27/10/2024,Betis,Ath Madrid,1,0,24,10,3,3,3,2,2024-2025
27/10/2024,Sociedad,Osasuna,0,2,19,10,9,4,3,4,2024-2025
28/10/2024,Mallorca,Ath Bilbao,0,0,4,20,1,1,5,1,2024-2025
01/11/2024,Alaves,Mallorca,1,0,13,7,3,2,3,2,2024-2025
02/11/2024,Osasuna,Valladolid,1,0,20,7,4,4,1,5,2024-2025
02/11/2024,Girona,Leganes,4,3,15,8,6,5,2,4,2024-2025
03/11/2024,Ath Madrid,Las Palmas,2,0,15,1,3,1,1,1,2024-2025
03/11/2024,Barcelona,Espanol,3,1,14,10,9,3,0,3,2024-2025
03/11/2024,Sevilla,Sociedad,0,2,8,9,0,3,2,1,2024-2025
03/11/2024,Ath Bilbao,Betis,1,1,17,7,8,4,0,0,2024-2025
04/11/2024,Celta,Getafe,1,0,10,10,3,2,1,4,2024-2025
08/11/2024,Vallecano,Las Palmas,1,3,35,11,7,3,1,3,2024-2025
09/11/2024,Real Madrid,Osasuna,4,0,18,2,8,0,0,2,2024-2025
09/11/2024,Villarreal,Alaves,3,0,13,9,3,3,1,3,2024-2025
09/11/2024,Leganes,Sevilla,1,0,8,13,4,2,2,1,2024-2025
10/11/2024,Betis,Celta,2,2,19,3,6,2,3,0,2024-2025
10/11/2024,Mallorca,Ath Madrid,0,1,12,9,6,2,1,3,2024-2025
10/11/2024,Getafe,Girona,0,1,8,3,0,2,3,3,2024-2025
10/11/2024,Valladolid,Ath Bilbao,1,1,6,17,3,1,4,4,2024-2025
10/11/2024,Sociedad,Barcelona,1,0,14,11,6,0,3,1,2024-2025
22/11/2024,Getafe,Valladolid,2,0,12,6,5,3,3,2,2024-2025
23/11/2024,Valencia,Betis,4,2,11,7,5,3,4,2,2024-2025
23/11/2024,Ath Madrid,Alaves,2,1,11,4,8,1,3,3,2024-2025
23/11/2024,Girona,Espanol,4,1,12,9,5,1,0,3,2024-2025
23/11/2024,Las Palmas,Mallorca,2,3,14,10,3,3,4,2,2024-2025
23/11/2024,Celta,Barcelona,2,2,15,9,8,4,5,5,2024-2025
24/11/2024,Osasuna,Villarreal,2,2,4,17,3,7,6,5,2024-2025
24/11/2024,Sevilla,Vallecano,1,0,11,9,3,1,2,5,2024-2025
24/11/2024,Leganes,Real Madrid,0,3,4,16,0,9,2,0,2024-2025
24/11/2024,Ath Bilbao,Sociedad,1,0,12,6,4,1,3,4,2024-2025
29/11/2024,Mallorca,Valencia,2,1,9,7,3,1,0,0,2024-2025
30/11/2024,Barcelona,Las Palmas,1,2,27,5,8,3,0,0,2024-2025
30/11/2024,Alaves,Leganes,1,1,18,6,7,3,1,4,2024-2025
30/11/2024,Espanol,Celta,3,1,9,16,5,2,2,2,2024-2025
30/11/2024,Valladolid,Ath Madrid,0,5,9,13,1,9,1,2,2024-2025
01/12/2024,Villarreal,Girona,2,2,13,13,4,6,2,6,2024-2025
01/12/2024,Real Madrid,Getafe,2,0,13,8,4,3,2,6,2024-2025
01/12/2024,Vallecano,Ath Bilbao,1,2,7,12,4,7,3,0,2024-2025
01/12/2024,Sociedad,Betis,2,0,2,7,1,2,3,2,2024-2025
02/12/2024,Sevilla,Osasuna,1,1,12,7,5,3,1,1,2024-2025
03/12/2024,Mallorca,Barcelona,1,5,6,20,1,9,4,3,2024-2025
04/12/2024,Ath Bilbao,Real Madrid,2,1,9,10,3,5,3,3,2024-2025
06/12/2024,Celta,Mallorca,2,0,12,9,5,4,1,0,2024-2025
07/12/2024,Las Palmas,Valladolid,2,1,11,9,5,2,4,3,2024-2025
07/12/2024,Betis,Barcelona,2,2,12,9,6,3,1,2,2024-2025
07/12/2024,Valencia,Vallecano,0,1,14,6,6,1,2,2,2024-2025
07/12/2024,Girona,Real Madrid,0,3,10,10,4,7,3,2,2024-2025
08/12/2024,Leganes,Sociedad,0,3,11,15,2,5,2,2,2024-2025
08/12/2024,Ath Bilbao,Villarreal,2,0,12,11,4,1,2,1,2024-2025
08/12/2024,Osasuna,Alaves,2,2,16,6,8,3,4,3,2024-2025
08/12/2024,Ath Madrid,Sevilla,4,3,14,4,9,3,4,3,2024-2025
09/12/2024,Getafe,Espanol,1,0,15,9,6,1,3,6,2024-2025
13/12/2024,Valladolid,Valencia,1,0,2,14,1,2,4,3,2024-2025
14/12/2024,Espanol,Osasuna,0,0,9,6,3,0,3,1,2024-2025
14/12/2024,Mallorca,Girona,2,1,8,13,2,1,5,2,2024-2025
14/12/2024,Sevilla,Celta,1,0,8,10,3,2,7,3,2024-2025
14/12/2024,Vallecano,Real Madrid,3,3,14,13,5,6,4,2,2024-2025
15/12/2024,Ath Madrid,Getafe,1,0,11,7,3,1,3,1,2024-2025
15/12/2024,Alaves,Ath Bilbao,1,1,6,9,3,2,2,2,2024-2025
15/12/2024,Sociedad,Las Palmas,0,0,15,9,4,3,2,3,2024-2025
15/12/2024,Villarreal,Betis,1,2,17,10,4,4,5,2,2024-2025
15/12/2024,Barcelona,Leganes,0,1,20,6,4,4,0,2,2024-2025
18/12/2024,Espanol,Valencia,1,1,10,14,3,4,1,0,2024-2025
18/12/2024,Villarreal,Vallecano,1,1,14,18,5,3,4,3,2024-2025
20/12/2024,Girona,Valladolid,3,0,23,1,7,1,3,1,2024-2025
21/12/2024,Getafe,Mallorca,0,1,18,9,5,2,4,3,2024-2025
21/12/2024,Celta,Sociedad,2,0,11,7,7,1,3,5,2024-2025
21/12/2024,Osasuna,Ath Bilbao,1,2,6,13,3,8,0,1,2024-2025
21/12/2024,Barcelona,Ath Madrid,1,2,19,5,7,4,0,3,2024-2025
22/12/2024,Valencia,Alaves,2,2,8,11,3,3,2,1,2024-2025
22/12/2024,Real Madrid,Sevilla,4,2,16,10,8,5,1,2,2024-2025
22/12/2024,Las Palmas,Espanol,1,0,10,9,4,2,4,2,2024-2025
22/12/2024,Leganes,Villarreal,2,5,5,18,3,9,1,2,2024-2025
22/12/2024,Betis,Vallecano,1,1,14,10,5,4,0,4,2024-2025
03/01/2025,Valencia,Real Madrid,1,2,8,17,5,5,2,3,2024-2025
10/01/2025,Vallecano,Celta,2,1,8,23,5,7,2,3,2024-2025
11/01/2025,Alaves,Girona,0,1,11,3,2,1,1,4,2024-2025
11/01/2025,Valladolid,Betis,1,0,12,14,1,3,2,4,2024-2025
11/01/2025,Espanol,Leganes,1,1,15,14,5,6,2,2,2024-2025
11/01/2025,Sevilla,Valencia,1,1,15,5,5,1,1,2,2024-2025
12/01/2025,Las Palmas,Getafe,1,2,15,12,7,3,2,3,2024-2025
12/01/2025,Ath Madrid,Osasuna,1,0,9,6,5,1,2,0,2024-2025
13/01/2025,Sociedad,Villarreal,1,0,6,15,3,5,4,2,2024-2025
17/01/2025,Espanol,Valladolid,2,1,12,11,4,4,2,2,2024-2025
18/01/2025,Girona,Sevilla,1,2,7,14,4,6,0,4,2024-2025
18/01/2025,Leganes,Ath Madrid,1,0,9,19,3,4,1,3,2024-2025
18/01/2025,Betis,Alaves,1,3,7,9,2,5,4,5,2024-2025
18/01/2025,Getafe,Barcelona,1,1,10,21,4,5,3,2,2024-2025
19/01/2025,Celta,Ath Bilbao,1,2,3,14,1,6,0,0,2024-2025
19/01/2025,Real Madrid,Las Palmas,4,1,26,6,13,2,0,1,2024-2025
19/01/2025,Osasuna,Vallecano,1,1,12,8,3,3,3,2,2024-2025
19/01/2025,Valencia,Sociedad,1,0,7,9,2,3,3,4,2024-2025
20/01/2025,Villarreal,Mallorca,4,0,14,9,7,2,1,3,2024-2025
24/01/2025,Las Palmas,Osasuna,1,1,16,16,7,4,7,8,2024-2025
25/01/2025,Mallorca,Betis,0,1,16,8,3,3,2,2,2024-2025
25/01/2025,Ath Madrid,Villarreal,1,1,20,11,8,1,4,2,2024-2025
25/01/2025,Sevilla,Espanol,1,1,25,6,4,1,1,4,2024-2025
25/01/2025,Valladolid,Real Madrid,0,3,6,20,2,4,3,3,2024-2025
26/01/2025,Vallecano,Girona,2,1,17,12,7,5,3,1,2024-2025
26/01/2025,Sociedad,Getafe,0,3,13,13,4,4,3,6,2024-2025
26/01/2025,Ath Bilbao,Leganes,0,0,29,5,3,2,1,1,2024-2025
26/01/2025,Barcelona,Valencia,7,1,22,7,11,2,0,1,2024-2025
27/01/2025,Alaves,Celta,1,1,3,5,1,2,2,3,2024-2025
31/01/2025,Leganes,Vallecano,0,1,5,19,1,3,2,4,2024-2025
01/02/2025,Getafe,Sevilla,0,0,7,13,1,1,4,6,2024-2025
01/02/2025,Villarreal,Valladolid,5,1,22,8,8,2,1,2,2024-2025
01/02/2025,Ath Madrid,Mallorca,2,0,17,10,5,1,2,3,2024-2025
01/02/2025,Espanol,Real Madrid,1,0,5,21,2,7,2,0,2024-2025
02/02/2025,Barcelona,Alaves,1,0,11,3,4,0,5,2,2024-2025
02/02/2025,Valencia,Celta,2,1,8,3,5,2,1,2,2024-2025
02/02/2025,Osasuna,Sociedad,2,1,11,13,4,3,3,3,2024-2025
02/02/2025,Betis,Ath Bilbao,2,2,10,12,6,4,3,1,2024-2025
03/02/2025,Girona,Las Palmas,2,1,12,10,4,2,2,2,2024-2025
07/02/2025,Vallecano,Valladolid,1,0,20,8,6,3,2,2,2024-2025
08/02/2025,Celta,Betis,3,2,14,12,6,5,3,5,2024-2025
08/02/2025,Ath Bilbao,Girona,3,0,23,3,8,1,0,4,2024-2025
08/02/2025,Las Palmas,Villarreal,1,2,20,9,4,4,6,3,2024-2025
08/02/2025,Real Madrid,Ath Madrid,1,1,23,10,9,1,1,3,2024-2025
09/02/2025,Alaves,Getafe,0,1,12,4,4,3,2,6,2024-2025
09/02/2025,Valencia,Leganes,2,0,18,12,4,4,1,1,2024-2025
09/02/2025,Sociedad,Espanol,2,1,13,4,3,1,1,2,2024-2025
09/02/2025,Sevilla,Barcelona,1,4,8,10,4,6,5,2,2024-2025
10/02/2025,Mallorca,Osasuna,1,1,10,19,2,4,1,4,2024-2025
14/02/2025,Girona,Getafe,1,2,14,10,4,6,2,3,2024-2025
15/02/2025,Leganes,Alaves,3,3,8,16,3,7,4,5,2024-2025
15/02/2025,Osasuna,Real Madrid,1,1,11,17,4,6,3,1,2024-2025
15/02/2025,Ath Madrid,Celta,1,1,9,11,3,4,3,5,2024-2025
15/02/2025,Villarreal,Valencia,1,1,13,12,4,3,0,5,2024-2025
16/02/2025,Espanol,Ath Bilbao,1,1,12,14,4,4,1,1,2024-2025
16/02/2025,Valladolid,Sevilla,0,4,7,11,2,6,4,2,2024-2025
16/02/2025,Mallorca,Las Palmas,3,1,14,9,5,4,1,4,2024-2025
16/02/2025,Betis,Sociedad,3,0,24,5,8,1,0,2,2024-2025
17/02/2025,Barcelona,Vallecano,1,0,14,9,5,4,2,3,2024-2025
21/02/2025,Celta,Osasuna,1,0,12,18,5,1,1,0,2024-2025
22/02/2025,Alaves,Espanol,0,1,15,9,5,2,2,2,2024-2025
22/02/2025,Vallecano,Villarreal,0,1,10,10,5,5,1,4,2024-2025
22/02/2025,Valencia,Ath Madrid,0,3,18,11,2,3,1,3,2024-2025
22/02/2025,Las Palmas,Barcelona,0,2,10,15,2,5,1,1,2024-2025
23/02/2025,Ath Bilbao,Valladolid,7,1,29,5,16,3,2,3,2024-2025
23/02/2025,Real Madrid,Girona,2,0,22,6,5,2,0,2,2024-2025
23/02/2025,Getafe,Betis,1,2,10,13,4,6,3,0,2024-2025
23/02/2025,Sociedad,Leganes,3,0,12,8,5,2,3,3,2024-2025
24/02/2025,Sevilla,Mallorca,1,1,19,13,4,2,1,3,2024-2025
28/02/2025,Valladolid,Las Palmas,1,1,23,4,7,3,2,1,2024-2025
01/03/2025,Girona,Celta,2,2,9,10,6,6,0,0,2024-2025
01/03/2025,Vallecano,Sevilla,1,1,20,10,8,5,1,0,2024-2025
01/03/2025,Betis,Real Madrid,2,1,18,9,3,2,3,4,2024-2025
01/03/2025,Ath Madrid,Ath Bilbao,1,0,12,15,4,3,2,3,2024-2025
02/03/2025,Leganes,Getafe,1,0,5,9,1,0,1,1,2024-2025
02/03/2025,Barcelona,Sociedad,4,0,33,0,10,0,0,0,2024-2025
02/03/2025,Mallorca,Alaves,1,1,15,19,4,7,0,2,2024-2025
02/03/2025,Osasuna,Valencia,3,3,12,12,5,5,2,1,2024-2025
08/03/2025,Celta,Leganes,2,1,7,12,4,6,3,2,2024-2025
08/03/2025,Alaves,Villarreal,1,0,5,24,3,2,3,1,2024-2025
08/03/2025,Valencia,Valladolid,2,1,17,11,4,4,1,3,2024-2025
09/03/2025,Getafe,Ath Madrid,2,1,11,4,3,2,6,2,2024-2025
09/03/2025,Real Madrid,Vallecano,2,1,10,20,5,6,3,1,2024-2025
09/03/2025,Ath Bilbao,Mallorca,1,1,8,9,2,2,1,3,2024-2025
09/03/2025,Betis,Las Palmas,1,0,14,8,6,1,2,8,2024-2025
09/03/2025,Sociedad,Sevilla,0,1,7,9,2,4,2,1,2024-2025
10/03/2025,Espanol,Girona,1,1,7,18,4,4,3,3,2024-2025
14/03/2025,Las Palmas,Alaves,2,2,14,9,7,3,5,5,2024-2025
15/03/2025,Valladolid,Celta,0,1,5,10,2,1,3,3,2024-2025
15/03/2025,Mallorca,Espanol,2,1,20,2,7,0,0,2,2024-2025
15/03/2025,Villarreal,Real Madrid,1,2,23,9,10,5,2,1,2024-2025
15/03/2025,Girona,Valencia,1,1,14,12,4,2,2,1,2024-2025
16/03/2025,Leganes,Betis,2,3,10,21,4,6,2,1,2024-2025
16/03/2025,Sevilla,Ath Bilbao,0,1,11,9,4,4,4,2,2024-2025
16/03/2025,Osasuna,Getafe,1,2,12,7,4,4,2,3,2024-2025
16/03/2025,Vallecano,Sociedad,2,2,10,8,5,4,3,2,2024-2025
16/03/2025,Ath Madrid,Barcelona,2,4,7,13,2,6,1,3,2024-2025
27/03/2025,Barcelona,Osasuna,3,0,19,4,5,0,1,3,2024-2025
29/03/2025,Sociedad,Valladolid,2,1,12,12,2,5,2,3,2024-2025
29/03/2025,Espanol,Ath Madrid,1,1,8,13,1,2,2,1,2024-2025
29/03/2025,Alaves,Vallecano,0,2,12,11,4,5,3,5,2024-2025
29/03/2025,Real Madrid,Leganes,3,2,24,10,10,4,1,4,2024-2025
30/03/2025,Getafe,Villarreal,1,2,11,9,4,3,1,4,2024-2025
30/03/2025,Barcelona,Girona,4,1,21,4,9,2,0,1,2024-2025
30/03/2025,Ath Bilbao,Osasuna,0,0,11,5,5,2,1,1,2024-2025
30/03/2025,Valencia,Mallorca,1,0,8,8,2,2,5,5,2024-2025
30/03/2025,Betis,Sevilla,2,1,11,6,3,2,4,4,2024-2025
31/03/2025,Celta,Las Palmas,1,1,19,4,7,2,3,0,2024-2025
04/04/2025,Vallecano,Espanol,0,4,16,15,5,7,2,2,2024-2025
05/04/2025,Girona,Alaves,0,1,11,14,6,3,1,4,2024-2025
05/04/2025,Real Madrid,Valencia,1,2,21,10,9,2,0,4,2024-2025
05/04/2025,Mallorca,Celta,1,2,7,10,2,4,3,0,2024-2025
05/04/2025,Barcelona,Betis,1,1,13,6,5,2,2,1,2024-2025
06/04/2025,Las Palmas,Sociedad,1,3,13,13,5,8,0,2,2024-2025
06/04/2025,Sevilla,Ath Madrid,1,2,11,13,6,5,1,4,2024-2025
06/04/2025,Valladolid,Getafe,0,4,5,16,0,9,3,1,2024-2025
06/04/2025,Villarreal,Ath Bilbao,0,0,12,11,4,2,0,1,2024-2025
07/04/2025,Leganes,Osasuna,1,1,13,14,7,6,3,3,2024-2025
11/04/2025,Valencia,Sevilla,1,0,8,12,6,5,3,2,2024-2025
12/04/2025,Sociedad,Mallorca,0,2,15,7,4,3,3,1,2024-2025
12/04/2025,Getafe,Las Palmas,1,3,11,10,6,5,0,2,2024-2025
12/04/2025,Celta,Espanol,0,2,16,5,6,3,2,2,2024-2025
12/04/2025,Leganes,Barcelona,0,1,6,12,1,3,2,1,2024-2025
13/04/2025,Osasuna,Girona,2,1,13,18,6,8,2,0,2024-2025
13/04/2025,Alaves,Real Madrid,0,1,13,11,6,4,4,4,2024-2025
13/04/2025,Betis,Villarreal,1,2,24,8,5,2,0,4,2024-2025
13/04/2025,Ath Bilbao,Vallecano,3,1,13,11,4,3,4,3,2024-2025
14/04/2025,Ath Madrid,Valladolid,4,2,24,6,9,3,1,1,2024-2025
18/04/2025,Espanol,Getafe,1,0,9,9,3,4,0,2,2024-2025
19/04/2025,Vallecano,Valencia,1,1,11,10,4,3,3,1,2024-2025
19/04/2025,Barcelona,Celta,4,3,18,11,6,8,2,2,2024-2025
19/04/2025,Mallorca,Leganes,0,0,11,15,1,1,2,1,2024-2025
19/04/2025,Las Palmas,Ath Madrid,1,0,8,7,2,2,3,1,2024-2025
20/04/2025,Valladolid,Osasuna,2,3,12,11,5,6,2,0,2024-2025
20/04/2025,Villarreal,Sociedad,2,2,20,4,5,4,5,1,2024-2025
20/04/2025,Sevilla,Alaves,1,1,10,11,2,3,2,2,2024-2025
20/04/2025,Real Madrid,Ath Bilbao,1,0,22,3,7,1,1,2,2024-2025
21/04/2025,Girona,Betis,1,3,11,17,5,9,3,2,2024-2025
22/04/2025,Valencia,Espanol,1,1,16,8,7,3,2,1,2024-2025
22/04/2025,Barcelona,Mallorca,1,0,40,4,13,0,0,1,2024-2025
23/04/2025,Ath Bilbao,Las Palmas,1,0,13,10,4,2,1,3,2024-2025
23/04/2025,Celta,Villarreal,3,0,21,4,9,1,2,1,2024-2025
23/04/2025,Alaves,Sociedad,1,0,10,6,1,0,4,5,2024-2025
23/04/2025,Getafe,Real Madrid,0,1,20,14,6,7,3,1,2024-2025
24/04/2025,Leganes,Girona,1,1,7,8,1,3,4,2,2024-2025
24/04/2025,Osasuna,Sevilla,1,0,9,12,2,3,4,2,2024-2025
24/04/2025,Ath Madrid,Vallecano,3,0,10,12,5,5,0,2,2024-2025
24/04/2025,Betis,Valladolid,5,1,16,10,6,5,1,0,2024-2025
27/04/2025,Villarreal,Espanol,1,0,14,12,5,1,4,0,2024-2025
02/05/2025,Vallecano,Getafe,1,0,13,12,8,1,3,2,2024-2025
03/05/2025,Alaves,Ath Madrid,0,0,8,9,2,2,3,2,2024-2025
03/05/2025,Villarreal,Osasuna,4,2,15,11,5,4,4,1,2024-2025
03/05/2025,Las Palmas,Valencia,2,3,15,10,3,5,1,1,2024-2025
03/05/2025,Valladolid,Barcelona,1,2,5,24,4,7,3,2,2024-2025
04/05/2025,Real Madrid,Celta,3,2,17,14,6,7,2,1,2024-2025
04/05/2025,Sevilla,Leganes,2,2,25,9,7,3,4,5,2024-2025
04/05/2025,Espanol,Betis,1,2,11,20,5,10,2,0,2024-2025
04/05/2025,Sociedad,Ath Bilbao,0,0,12,3,3,1,1,2,2024-2025
05/05/2025,Girona,Mallorca,1,0,13,9,6,1,0,2,2024-2025
09/05/2025,Las Palmas,Vallecano,0,1,11,16,2,5,2,3,2024-2025
10/05/2025,Valencia,Getafe,3,0,10,10,6,3,3,5,2024-2025
10/05/2025,Celta,Sevilla,3,2,8,19,4,10,0,2,2024-2025
10/05/2025,Girona,Villarreal,0,1,7,14,0,5,2,3,2024-2025
10/05/2025,Mallorca,Valladolid,2,1,12,16,4,7,2,1,2024-2025
10/05/2025,Ath Madrid,Sociedad,4,0,13,6,7,1,0,1,2024-2025
11/05/2025,Leganes,Espanol,3,2,13,12,5,6,2,2,2024-2025
11/05/2025,Barcelona,Real Madrid,4,3,23,9,9,5,4,3,2024-2025
11/05/2025,Ath Bilbao,Alaves,1,0,11,4,3,1,1,1,2024-2025
11/05/2025,Betis,Osasuna,1,1,10,16,5,5,3,2,2024-2025
13/05/2025,Valladolid,Girona,0,1,11,13,4,5,0,0,2024-2025
13/05/2025,Sociedad,Celta,0,1,15,6,5,2,3,1,2024-2025
13/05/2025,Sevilla,Las Palmas,1,0,10,14,3,3,6,6,2024-2025
14/05/2025,Alaves,Valencia,1,0,11,10,5,3,4,3,2024-2025
14/05/2025,Villarreal,Leganes,3,0,17,23,7,6,1,1,2024-2025
14/05/2025,Real Madrid,Mallorca,2,1,39,4,13,2,0,3,2024-2025
15/05/2025,Vallecano,Betis,2,2,20,10,6,3,1,3,2024-2025
15/05/2025,Osasuna,Ath Madrid,2,0,9,9,3,5,1,1,2024-2025
15/05/2025,Espanol,Barcelona,0,2,9,12,1,4,2,2,2024-2025
15/05/2025,Getafe,Ath Bilbao,0,2,11,9,1,2,1,0,2024-2025
18/05/2025,Ath Madrid,Betis,4,1,20,12,11,7,1,1,2024-2025
18/05/2025,Barcelona,Villarreal,2,3,24,7,9,3,2,0,2024-2025
18/05/2025,Celta,Vallecano,1,2,24,7,7,2,2,3,2024-2025
18/05/2025,Las Palmas,Leganes,0,1,12,11,3,4,2,2,2024-2025
18/05/2025,Mallorca,Getafe,1,2,7,10,1,4,2,2,2024-2025
18/05/2025,Osasuna,Espanol,2,0,16,16,3,6,1,1,2024-2025
18/05/2025,Sevilla,Real Madrid,0,2,6,16,1,6,0,1,2024-2025
18/05/2025,Sociedad,Girona,3,2,15,9,9,5,1,3,2024-2025
18/05/2025,Valencia,Ath Bilbao,0,1,6,10,2,4,3,1,2024-2025
18/05/2025,Valladolid,Alaves,0,1,7,14,1,4,0,2,2024-2025
23/05/2025,Betis,Valencia,1,1,14,9,4,2,1,2,2024-2025
24/05/2025,Real Madrid,Sociedad,2,0,16,9,8,1,0,0,2024-2025
24/05/2025,Espanol,Las Palmas,2,0,8,10,3,4,3,2,2024-2025
24/05/2025,Leganes,Valladolid,3,0,16,6,6,2,0,1,2024-2025
24/05/2025,Alaves,Osasuna,1,1,14,19,5,5,2,2,2024-2025
24/05/2025,Getafe,Celta,1,2,6,15,1,8,3,4,2024-2025
24/05/2025,Vallecano,Mallorca,0,0,27,9,8,2,2,2,2024-2025
25/05/2025,Girona,Ath Madrid,0,4,2,19,1,11,0,1,2024-2025
25/05/2025,Villarreal,Sevilla,4,2,12,17,7,6,0,1,2024-2025
25/05/2025,Ath Bilbao,Barcelona,0,3,10,13,1,4,1,0,2024-2025
15/08/2025,Girona,Vallecano,1,3,7,16,2,5,0,1,2025-2026
15/08/2025,Villarreal,Oviedo,2,0,25,5,10,4,1,2,2025-2026
16/08/2025,Mallorca,Barcelona,0,3,4,24,1,8,4,1,2025-2026
16/08/2025,Alaves,Levante,2,1,15,7,4,3,0,1,2025-2026
16/08/2025,Valencia,Sociedad,1,1,18,13,2,3,1,2,2025-2026
17/08/2025,Celta,Getafe,0,2,11,10,3,3,3,2,2025-2026
17/08/2025,Ath Bilbao,Sevilla,3,2,14,12,3,6,0,2,2025-2026
17/08/2025,Espanol,Ath Madrid,2,1,10,15,5,4,3,3,2025-2026
18/08/2025,Elche,Betis,1,1,6,12,2,4,0,1,2025-2026
19/08/2025,Real Madrid,Osasuna,1,0,18,2,5,0,1,0,2025-2026
22/08/2025,Betis,Alaves,1,0,16,11,5,5,2,3,2025-2026
23/08/2025,Mallorca,Celta,1,1,12,8,4,2,3,3,2025-2026
23/08/2025,Ath Madrid,Elche,1,1,13,6,6,2,0,3,2025-2026
23/08/2025,Levante,Barcelona,2,3,8,26,5,10,3,1,2025-2026
24/08/2025,Osasuna,Valencia,1,0,16,4,4,1,2,1,2025-2026
24/08/2025,Sociedad,Espanol,2,2,15,14,7,3,2,2,2025-2026
24/08/2025,Villarreal,Girona,5,0,19,5,7,2,1,2,2025-2026
24/08/2025,Oviedo,Real Madrid,0,3,6,26,3,10,2,1,2025-2026
25/08/2025,Ath Bilbao,Vallecano,1,0,11,6,4,1,0,4,2025-2026
25/08/2025,Sevilla,Getafe,1,2,12,9,3,6,2,2,2025-2026
27/08/2025,Celta,Betis,1,1,14,7,5,2,1,2,2025-2026
29/08/2025,Elche,Levante,2,0,16,11,5,1,1,2,2025-2026
29/08/2025,Valencia,Getafe,3,0,7,11,4,1,2,0,2025-2026
30/08/2025,Alaves,Ath Madrid,1,1,5,15,2,6,2,3,2025-2026
30/08/2025,Oviedo,Sociedad,1,0,8,18,1,6,2,1,2025-2026
30/08/2025,Girona,Sevilla,0,2,20,13,5,4,0,2,2025-2026
30/08/2025,Real Madrid,Mallorca,2,1,17,9,7,5,2,0,2025-2026
31/08/2025,Celta,Villarreal,1,1,10,8,2,3,1,1,2025-2026
31/08/2025,Betis,Ath Bilbao,1,2,9,15,2,6,1,4,2025-2026
31/08/2025,Espanol,Osasuna,1,0,10,10,4,3,2,3,2025-2026
31/08/2025,Vallecano,Barcelona,1,1,12,12,6,3,4,1,2025-2026
12/09/2025,Sevilla,Elche,2,2,7,5,3,2,4,3,2025-2026
13/09/2025,Getafe,Oviedo,2,0,10,5,3,1,2,5,2025-2026
13/09/2025,Sociedad,Real Madrid,1,2,23,16,4,6,2,1,2025-2026
13/09/2025,Ath Bilbao,Alaves,0,1,12,4,3,2,4,3,2025-2026
13/09/2025,Ath Madrid,Villarreal,2,0,8,8,3,1,2,4,2025-2026
14/09/2025,Celta,Girona,1,1,21,13,7,8,0,3,2025-2026
14/09/2025,Levante,Betis,2,2,5,28,2,9,3,2,2025-2026
14/09/2025,Osasuna,Vallecano,2,0,9,19,7,6,3,2,2025-2026
14/09/2025,Barcelona,Valencia,6,0,24,2,10,1,0,1,2025-2026
15/09/2025,Espanol,Mallorca,3,2,9,24,3,10,2,1,2025-2026
19/09/2025,Betis,Sociedad,3,1,21,11,6,5,3,7,2025-2026
20/09/2025,Girona,Levante,0,4,7,14,1,7,4,3,2025-2026
20/09/2025,Real Madrid,Espanol,2,0,16,8,5,1,2,0,2025-2026
20/09/2025,Alaves,Sevilla,1,2,8,9,5,3,1,7,2025-2026
20/09/2025,Villarreal,Osasuna,2,1,26,6,8,3,2,3,2025-2026
20/09/2025,Valencia,Ath Bilbao,2,0,13,11,5,5,1,1,2025-2026
21/09/2025,Vallecano,Celta,1,1,15,9,5,5,1,1,2025-2026
21/09/2025,Mallorca,Ath Madrid,1,1,8,12,3,7,0,0,2025-2026
21/09/2025,Elche,Oviedo,1,0,15,12,5,4,2,2,2025-2026
21/09/2025,Barcelona,Getafe,3,0,16,3,7,2,2,4,2025-2026
23/09/2025,Ath Bilbao,Girona,1,1,17,6,5,3,0,2,2025-2026
23/09/2025,Espanol,Valencia,2,2,21,5,10,2,1,4,2025-2026
23/09/2025,Levante,Real Madrid,1,4,11,24,2,10,1,1,2025-2026
23/09/2025,Sevilla,Villarreal,1,2,16,12,2,5,2,3,2025-2026
24/09/2025,Getafe,Alaves,1,1,7,10,1,4,2,3,2025-2026
24/09/2025,Ath Madrid,Vallecano,3,2,20,9,8,3,3,4,2025-2026
24/09/2025,Sociedad,Mallorca,1,0,17,7,4,3,2,2,2025-2026
25/09/2025,Osasuna,Elche,1,1,9,12,2,4,2,2,2025-2026
25/09/2025,Oviedo,Barcelona,1,3,7,22,3,10,1,0,2025-2026
26/09/2025,Girona,Espanol,0,0,12,20,3,5,0,1,2025-2026
27/09/2025,Getafe,Levante,1,1,11,11,4,3,4,3,2025-2026
27/09/2025,Ath Madrid,Real Madrid,5,2,13,6,7,2,5,4,2025-2026
27/09/2025,Mallorca,Alaves,1,0,12,12,3,3,2,3,2025-2026
27/09/2025,Villarreal,Ath Bilbao,1,0,14,16,5,4,2,0,2025-2026
28/09/2025,Vallecano,Sevilla,0,1,18,4,6,1,3,2,2025-2026
28/09/2025,Elche,Celta,2,1,17,8,8,2,3,3,2025-2026
28/09/2025,Barcelona,Sociedad,2,1,22,7,12,2,1,2,2025-2026
28/09/2025,Betis,Osasuna,2,0,12,12,6,1,0,1,2025-2026
30/09/2025,Valencia,Oviedo,1,2,16,10,5,4,1,4,2025-2026
03/10/2025,Osasuna,Getafe,2,1,7,6,3,2,1,4,2025-2026
04/10/2025,Oviedo,Levante,0,2,13,14,2,5,2,2,2025-2026
04/10/2025,Girona,Valencia,2,1,4,19,4,6,5,1,2025-2026
04/10/2025,Ath Bilbao,Mallorca,2,1,18,7,5,2,5,6,2025-2026
04/10/2025,Real Madrid,Villarreal,3,1,26,9,7,2,2,4,2025-2026
05/10/2025,Alaves,Elche,3,1,25,6,5,3,3,1,2025-2026
05/10/2025,Sevilla,Barcelona,4,1,13,17,5,8,7,5,2025-2026
05/10/2025,Espanol,Betis,1,2,14,12,5,3,2,6,2025-2026
05/10/2025,Sociedad,Vallecano,0,1,10,7,3,2,1,2,2025-2026
05/10/2025,Celta,Ath Madrid,1,1,18,6,4,1,1,3,2025-2026
17/10/2025,Oviedo,Espanol,0,2,13,19,4,10,2,1,2025-2026
18/10/2025,Sevilla,Mallorca,1,3,13,7,4,6,2,1,2025-2026
18/10/2025,Barcelona,Girona,2,1,27,11,9,4,1,2,2025-2026
18/10/2025,Villarreal,Betis,2,2,7,16,3,3,1,1,2025-2026
18/10/2025,Ath Madrid,Osasuna,1,0,18,9,9,2,1,3,2025-2026
19/10/2025,Elche,Ath Bilbao,0,0,15,4,5,1,2,3,2025-2026
19/10/2025,Celta,Sociedad,1,1,4,17,1,7,4,3,2025-2026
19/10/2025,Levante,Vallecano,0,3,17,10,4,5,0,1,2025-2026
19/10/2025,Getafe,Real Madrid,0,1,7,23,1,10,4,1,2025-2026
20/10/2025,Alaves,Valencia,0,0,13,5,3,2,1,2,2025-2026
24/10/2025,Sociedad,Sevilla,2,1,5,6,3,1,1,3,2025-2026
25/10/2025,Girona,Oviedo,3,3,8,10,6,5,4,3,2025-2026
25/10/2025,Espanol,Elche,1,0,16,13,7,4,4,2,2025-2026
25/10/2025,Ath Bilbao,Getafe,0,1,7,8,4,3,1,3,2025-2026
25/10/2025,Valencia,Villarreal,0,2,15,12,3,5,2,4,2025-2026
26/10/2025,Mallorca,Levante,1,1,20,13,4,5,3,2,2025-2026
26/10/2025,Real Madrid,Barcelona,2,1,23,15,10,6,5,5,2025-2026
26/10/2025,Osasuna,Celta,2,3,17,11,7,5,3,4,2025-2026
26/10/2025,Vallecano,Alaves,1,0,15,12,5,2,1,3,2025-2026
27/10/2025,Betis,Ath Madrid,0,2,17,9,5,4,2,1,2025-2026
31/10/2025,Getafe,Girona,2,1,12,8,4,4,1,1,2025-2026
01/11/2025,Villarreal,Vallecano,4,0,16,13,7,3,1,1,2025-2026
01/11/2025,Ath Madrid,Sevilla,3,0,15,10,6,2,0,3,2025-2026
01/11/2025,Sociedad,Ath Bilbao,3,2,9,11,5,4,2,3,2025-2026
01/11/2025,Real Madrid,Valencia,4,0,21,4,11,1,1,1,2025-2026
02/11/2025,Levante,Celta,1,2,9,20,3,6,2,3,2025-2026
02/11/2025,Alaves,Espanol,2,1,13,18,4,2,4,2,2025-2026
02/11/2025,Barcelona,Elche,3,1,17,9,5,3,0,1,2025-2026
02/11/2025,Betis,Mallorca,3,0,15,14,8,1,0,3,2025-2026
03/11/2025,Oviedo,Osasuna,0,0,8,11,2,5,3,1,2025-2026
07/11/2025,Elche,Sociedad,1,1,12,13,3,5,1,3,2025-2026
08/11/2025,Girona,Alaves,1,0,10,14,2,5,0,3,2025-2026
08/11/2025,Sevilla,Osasuna,1,0,10,9,4,3,5,3,2025-2026
08/11/2025,Ath Madrid,Levante,3,1,25,6,10,3,3,1,2025-2026
08/11/2025,Espanol,Villarreal,0,2,14,9,3,3,0,2,2025-2026
09/11/2025,Ath Bilbao,Oviedo,1,0,21,5,7,2,1,1,2025-2026
09/11/2025,Vallecano,Real Madrid,0,0,13,21,2,5,3,2,2025-2026
09/11/2025,Mallorca,Getafe,1,0,6,14,4,3,0,2,2025-2026
09/11/2025,Valencia,Betis,1,1,17,9,4,2,3,3,2025-2026
09/11/2025,Celta,Barcelona,2,4,5,21,3,9,1,5,2025-2026
21/11/2025,Valencia,Levante,1,0,14,8,3,1,4,3,2025-2026
22/11/2025,Alaves,Celta,0,1,5,7,2,4,2,2,2025-2026
22/11/2025,Barcelona,Ath Bilbao,4,0,19,13,7,2,0,2,2025-2026
22/11/2025,Osasuna,Sociedad,1,3,14,19,4,9,3,2,2025-2026
22/11/2025,Villarreal,Mallorca,2,1,14,9,7,3,2,2,2025-2026
23/11/2025,Oviedo,Vallecano,0,0,8,11,3,3,1,2,2025-2026
23/11/2025,Betis,Girona,1,1,23,11,7,4,3,4,2025-2026
23/11/2025,Getafe,Ath Madrid,0,1,9,13,1,6,2,3,2025-2026
23/11/2025,Elche,Real Madrid,2,2,15,20,6,7,4,0,2025-2026
24/11/2025,Espanol,Sevilla,2,1,8,22,5,6,4,1,2025-2026
28/11/2025,Getafe,Elche,1,0,15,9,6,4,2,2,2025-2026
29/11/2025,Mallorca,Osasuna,2,2,7,14,4,2,3,4,2025-2026
29/11/2025,Barcelona,Alaves,3,1,18,9,6,2,2,3,2025-2026
29/11/2025,Levante,Ath Bilbao,0,2,11,14,4,4,3,2,2025-2026
29/11/2025,Ath Madrid,Oviedo,2,0,14,12,8,1,0,1,2025-2026
30/11/2025,Sociedad,Villarreal,2,3,18,10,7,5,3,7,2025-2026
30/11/2025,Sevilla,Betis,0,2,9,9,3,4,2,3,2025-2026
30/11/2025,Celta,Espanol,0,1,11,9,4,2,1,2,2025-2026
30/11/2025,Girona,Real Madrid,1,1,10,25,4,4,3,0,2025-2026
01/12/2025,Vallecano,Valencia,1,1,19,10,7,2,1,1,2025-2026
02/12/2025,Barcelona,Ath Madrid,3,1,19,7,6,2,1,1,2025-2026
03/12/2025,Ath Bilbao,Real Madrid,0,3,9,13,4,8,2,0,2025-2026
05/12/2025,Oviedo,Mallorca,0,0,15,13,3,6,2,1,2025-2026
06/12/2025,Villarreal,Getafe,2,0,10,6,5,0,2,4,2025-2026
06/12/2025,Alaves,Sociedad,1,0,14,10,3,1,2,2,2025-2026
06/12/2025,Betis,Barcelona,3,5,17,16,5,8,5,2,2025-2026
06/12/2025,Ath Bilbao,Ath Madrid,1,0,14,7,3,3,3,2,2025-2026
07/12/2025,Elche,Girona,3,0,11,8,6,4,0,3,2025-2026
07/12/2025,Valencia,Sevilla,1,1,11,4,3,1,3,6,2025-2026
07/12/2025,Espanol,Vallecano,1,0,9,6,2,2,4,8,2025-2026
07/12/2025,Real Madrid,Celta,0,2,23,7,7,5,6,1,2025-2026
08/12/2025,Osasuna,Levante,2,0,14,11,6,5,2,2,2025-2026
12/12/2025,Sociedad,Girona,1,2,9,14,4,3,1,2,2025-2026
13/12/2025,Ath Madrid,Valencia,2,1,10,13,6,2,3,1,2025-2026
13/12/2025,Mallorca,Elche,3,1,15,9,8,0,3,0,2025-2026
13/12/2025,Barcelona,Osasuna,2,0,24,3,7,2,0,3,2025-2026
13/12/2025,Getafe,Espanol,0,1,11,6,1,4,5,1,2025-2026
14/12/2025,Sevilla,Oviedo,4,0,13,5,7,1,1,2,2025-2026
14/12/2025,Celta,Ath Bilbao,2,0,5,14,2,2,3,2,2025-2026
14/12/2025,Alaves,Real Madrid,1,2,6,13,2,6,3,1,2025-2026
15/12/2025,Vallecano,Betis,0,0,23,13,7,6,4,1,2025-2026
19/12/2025,Valencia,Mallorca,1,1,17,4,2,2,2,3,2025-2026
20/12/2025,Oviedo,Celta,0,0,10,6,3,2,2,1,2025-2026
20/12/2025,Levante,Sociedad,1,1,13,18,3,6,6,2,2025-2026
20/12/2025,Osasuna,Alaves,3,0,16,7,7,3,2,2,2025-2026
20/12/2025,Real Madrid,Sevilla,2,0,18,14,8,5,2,5,2025-2026
21/12/2025,Girona,Ath Madrid,0,3,9,14,2,6,2,0,2025-2026
21/12/2025,Villarreal,Barcelona,0,2,14,19,5,5,1,1,2025-2026
21/12/2025,Elche,Vallecano,4,0,18,18,6,8,2,3,2025-2026
21/12/2025,Betis,Getafe,4,0,19,15,8,3,0,1,2025-2026
22/12/2025,Ath Bilbao,Espanol,1,2,17,10,7,5,5,2,2025-2026
02/01/2026,Vallecano,Getafe,1,1,13,12,4,4,3,4,2025-2026
03/01/2026,Celta,Valencia,4,1,12,16,6,5,1,3,2025-2026
03/01/2026,Osasuna,Ath Bilbao,1,1,11,16,4,6,3,3,2025-2026
03/01/2026,Elche,Villarreal,1,3,15,12,2,4,3,3,2025-2026
03/01/2026,Espanol,Barcelona,0,2,14,15,7,6,1,0,2025-2026
04/01/2026,Sevilla,Levante,0,3,15,6,7,4,3,4,2025-2026
04/01/2026,Real Madrid,Betis,5,1,19,13,9,5,1,1,2025-2026
04/01/2026,Alaves,Oviedo,1,1,18,18,7,6,3,3,2025-2026
04/01/2026,Mallorca,Girona,1,2,9,9,2,4,2,1,2025-2026
04/01/2026,Sociedad,Ath Madrid,1,1,18,10,8,2,3,2,2025-2026
09/01/2026,Getafe,Sociedad,1,2,6,12,3,5,2,1,2025-2026
10/01/2026,Oviedo,Betis,1,1,13,15,3,6,3,1,2025-2026
10/01/2026,Villarreal,Alaves,3,1,11,16,4,5,0,2,2025-2026
10/01/2026,Girona,Osasuna,1,0,8,13,4,1,2,6,2025-2026
10/01/2026,Valencia,Elche,1,1,16,5,4,1,2,3,2025-2026
11/01/2026,Vallecano,Mallorca,2,1,14,9,5,2,1,5,2025-2026
11/01/2026,Levante,Espanol,1,1,8,19,2,3,0,1,2025-2026
12/01/2026,Sevilla,Celta,0,1,7,9,2,7,3,3,2025-2026
16/01/2026,Espanol,Girona,0,2,14,7,2,4,5,5,2025-2026
17/01/2026,Real Madrid,Levante,2,0,26,10,11,0,2,1,2025-2026
17/01/2026,Mallorca,Ath Bilbao,3,2,18,21,9,11,1,5,2025-2026
17/01/2026,Osasuna,Oviedo,3,2,16,13,5,5,1,4,2025-2026
17/01/2026,Betis,Villarreal,2,0,15,9,6,3,3,2,2025-2026
18/01/2026,Getafe,Valencia,0,1,14,7,3,1,2,3,2025-2026
18/01/2026,Ath Madrid,Alaves,1,0,23,8,6,0,1,1,2025-2026
18/01/2026,Celta,Vallecano,3,0,11,14,7,3,4,3,2025-2026
18/01/2026,Sociedad,Barcelona,2,1,8,25,6,9,3,3,2025-2026
19/01/2026,Elche,Sevilla,2,2,10,25,5,8,3,1,2025-2026
23/01/2026,Levante,Elche,3,2,26,6,6,3,2,3,2025-2026
24/01/2026,Vallecano,Osasuna,1,3,11,14,4,5,2,2,2025-2026
24/01/2026,Valencia,Espanol,3,2,10,16,5,6,1,5,2025-2026
24/01/2026,Sevilla,Ath Bilbao,2,1,10,15,7,3,2,1,2025-2026
24/01/2026,Villarreal,Real Madrid,0,2,8,14,1,4,3,1,2025-2026
25/01/2026,Ath Madrid,Mallorca,3,0,17,6,8,1,2,1,2025-2026
25/01/2026,Barcelona,Oviedo,3,0,15,12,7,3,1,2,2025-2026
25/01/2026,Sociedad,Celta,3,1,10,17,4,4,1,1,2025-2026
25/01/2026,Alaves,Betis,2,1,17,18,9,4,1,1,2025-2026
26/01/2026,Girona,Getafe,1,1,12,8,4,2,5,3,2025-2026
30/01/2026,Espanol,Alaves,1,2,10,11,3,7,0,1,2025-2026
31/01/2026,Oviedo,Girona,1,0,8,9,4,1,1,1,2025-2026
31/01/2026,Osasuna,Villarreal,2,2,15,5,5,4,2,2,2025-2026
31/01/2026,Levante,Ath Madrid,0,0,10,10,2,4,2,1,2025-2026
31/01/2026,Elche,Barcelona,1,3,9,30,3,8,2,1,2025-2026
01/02/2026,Real Madrid,Vallecano,2,1,16,11,6,4,2,8,2025-2026
01/02/2026,Betis,Valencia,2,1,14,15,2,4,0,4,2025-2026
01/02/2026,Getafe,Celta,0,0,9,5,2,1,1,2,2025-2026
01/02/2026,Ath Bilbao,Sociedad,1,1,19,9,4,6,4,2,2025-2026
02/02/2026,Mallorca,Sevilla,4,1,11,15,7,5,1,1,2025-2026
06/02/2026,Celta,Osasuna,1,2,18,8,4,2,2,2,2025-2026
07/02/2026,Barcelona,Mallorca,3,0,24,9,7,4,0,0,2025-2026
07/02/2026,Sociedad,Elche,3,1,11,11,3,5,0,4,2025-2026
08/02/2026,Alaves,Getafe,0,2,13,17,5,5,2,5,2025-2026
08/02/2026,Ath Bilbao,Levante,4,2,22,6,7,3,2,1,2025-2026
08/02/2026,Sevilla,Girona,1,1,11,15,3,6,3,3,2025-2026
08/02/2026,Ath Madrid,Betis,0,1,10,8,5,4,3,1,2025-2026
08/02/2026,Valencia,Real Madrid,0,2,7,11,0,6,1,1,2025-2026
09/02/2026,Villarreal,Espanol,4,1,10,9,3,2,3,3,2025-2026
13/02/2026,Elche,Osasuna,0,0,17,6,5,2,2,4,2025-2026
14/02/2026,Espanol,Celta,2,2,9,14,3,5,1,0,2025-2026
14/02/2026,Getafe,Villarreal,2,1,5,8,2,2,2,3,2025-2026
14/02/2026,Sevilla,Alaves,1,1,4,12,2,1,5,0,2025-2026
14/02/2026,Real Madrid,Sociedad,4,1,11,13,5,3,1,1,2025-2026
15/02/2026,Oviedo,Ath Bilbao,1,2,7,13,1,4,2,3,2025-2026
15/02/2026,Vallecano,Ath Madrid,3,0,13,9,9,3,1,3,2025-2026
15/02/2026,Levante,Valencia,0,2,9,5,1,2,3,2,2025-2026
15/02/2026,Mallorca,Betis,1,2,14,17,3,8,4,3,2025-2026
16/02/2026,Girona,Barcelona,2,1,13,27,9,4,1,2,2025-2026
18/02/2026,Levante,Villarreal,0,1,16,15,4,6,3,4,2025-2026
20/02/2026,Ath Bilbao,Elche,2,1,18,2,8,2,3,3,2025-2026
21/02/2026,Sociedad,Oviedo,3,3,15,14,8,6,2,1,2025-2026
21/02/2026,Betis,Vallecano,1,1,14,12,3,3,4,3,2025-2026
21/02/2026,Osasuna,Real Madrid,2,1,13,15,2,5,2,4,2025-2026
21/02/2026,Ath Madrid,Espanol,4,2,18,8,9,2,0,1,2025-2026
22/02/2026,Getafe,Sevilla,0,1,6,6,3,1,1,1,2025-2026
22/02/2026,Barcelona,Levante,3,0,22,5,9,2,2,1,2025-2026
22/02/2026,Celta,Mallorca,2,0,20,1,7,0,1,5,2025-2026
22/02/2026,Villarreal,Valencia,2,1,12,8,5,3,2,4,2025-2026
23/02/2026,Alaves,Girona,2,2,17,10,6,5,2,2,2025-2026
27/02/2026,Levante,Alaves,2,0,22,17,5,7,1,6,2025-2026
28/02/2026,Vallecano,Ath Bilbao,1,1,15,8,7,2,2,3,2025-2026
28/02/2026,Barcelona,Villarreal,4,1,19,6,8,1,2,1,2025-2026
28/02/2026,Mallorca,Sociedad,0,1,6,12,1,2,0,2,2025-2026
28/02/2026,Oviedo,Ath Madrid,0,1,16,12,6,1,2,2,2025-2026
01/03/2026,Elche,Espanol,2,2,17,9,9,4,1,6,2025-2026
01/03/2026,Valencia,Osasuna,1,0,14,8,1,0,3,3,2025-2026
01/03/2026,Betis,Sevilla,2,2,9,14,2,6,3,3,2025-2026
01/03/2026,Girona,Celta,1,2,15,7,7,5,2,2,2025-2026
02/03/2026,Real Madrid,Getafe,0,1,18,9,7,3,4,6,2025-2026
04/03/2026,Vallecano,Oviedo,3,0,19,8,7,2,0,2,2025-2026
06/03/2026,Celta,Real Madrid,1,2,8,14,4,3,1,2,2025-2026
07/03/2026,Osasuna,Mallorca,2,2,22,8,5,4,2,5,2025-2026
07/03/2026,Levante,Girona,1,1,14,22,4,5,2,2,2025-2026
07/03/2026,Ath Madrid,Sociedad,3,2,24,7,9,3,1,1,2025-2026
07/03/2026,Ath Bilbao,Barcelona,0,1,10,7,3,2,2,1,2025-2026
08/03/2026,Villarreal,Elche,2,1,16,13,7,6,1,2,2025-2026
08/03/2026,Getafe,Betis,2,0,9,14,5,5,3,2,2025-2026
08/03/2026,Sevilla,Vallecano,1,1,11,9,2,2,1,3,2025-2026
08/03/2026,Valencia,Alaves,3,2,19,10,8,4,1,6,2025-2026
09/03/2026,Espanol,Oviedo,1,1,28,6,9,3,3,2,2025-2026
13/03/2026,Alaves,Villarreal,1,1,8,10,0,4,4,1,2025-2026
14/03/2026,Girona,Ath Bilbao,3,0,14,20,6,9,0,2,2025-2026
14/03/2026,Ath Madrid,Getafe,1,0,16,7,5,3,3,3,2025-2026
14/03/2026,Oviedo,Valencia,1,0,11,13,6,2,3,2,2025-2026
14/03/2026,Real Madrid,Elche,4,1,14,11,6,1,1,3,2025-2026
15/03/2026,Mallorca,Espanol,2,1,26,10,12,2,3,3,2025-2026
15/03/2026,Barcelona,Sevilla,5,2,13,8,8,4,0,1,2025-2026
15/03/2026,Betis,Celta,1,1,19,7,6,3,2,3,2025-2026
15/03/2026,Sociedad,Osasuna,3,1,14,13,6,5,3,0,2025-2026
16/03/2026,Vallecano,Levante,1,1,18,19,4,5,3,5,2025-2026
20/03/2026,Villarreal,Sociedad,3,1,21,11,10,4,0,2,2025-2026
21/03/2026,Elche,Mallorca,2,1,13,11,4,4,2,2,2025-2026
21/03/2026,Espanol,Getafe,1,2,15,10,5,5,2,7,2025-2026
21/03/2026,Levante,Oviedo,4,2,20,10,8,2,2,3,2025-2026
21/03/2026,Osasuna,Girona,1,0,19,5,11,0,2,1,2025-2026
21/03/2026,Sevilla,Valencia,0,2,13,9,2,4,2,1,2025-2026
22/03/2026,Barcelona,Vallecano,1,0,15,8,4,4,3,4,2025-2026
22/03/2026,Celta,Alaves,3,4,12,14,5,6,2,2,2025-2026
22/03/2026,Ath Bilbao,Betis,2,1,11,11,6,3,1,1,2025-2026
22/03/2026,Real Madrid,Ath Madrid,3,2,17,13,10,7,1,4,2025-2026
03/04/2026,Vallecano,Elche,1,0,21,9,5,4,0,4,2025-2026
04/04/2026,Sociedad,Levante,2,0,18,8,5,4,2,3,2025-2026
04/04/2026,Mallorca,Real Madrid,2,1,6,15,2,6,3,2,2025-2026
04/04/2026,Betis,Espanol,0,0,19,8,6,1,1,3,2025-2026
04/04/2026,Ath Madrid,Barcelona,1,2,6,22,2,8,6,2,2025-2026
05/04/2026,Getafe,Ath Bilbao,2,0,10,5,6,0,3,1,2025-2026
05/04/2026,Valencia,Celta,2,3,13,9,4,5,1,3,2025-2026
05/04/2026,Oviedo,Sevilla,1,0,7,9,4,0,5,3,2025-2026
05/04/2026,Alaves,Osasuna,2,2,18,8,6,5,2,5,2025-2026
06/04/2026,Girona,Villarreal,1,0,10,9,2,0,2,2,2025-2026
10/04/2026,Real Madrid,Girona,1,1,22,10,9,2,2,1,2025-2026
11/04/2026,Sociedad,Alaves,3,3,12,12,4,2,2,4,2025-2026
11/04/2026,Elche,Valencia,1,0,8,22,2,8,1,1,2025-2026
11/04/2026,Barcelona,Espanol,4,1,20,10,10,2,3,6,2025-2026
11/04/2026,Sevilla,Ath Madrid,2,1,11,13,2,2,4,4,2025-2026
12/04/2026,Osasuna,Betis,1,1,12,8,4,3,3,4,2025-2026
12/04/2026,Mallorca,Vallecano,3,0,12,17,4,3,1,4,2025-2026
12/04/2026,Celta,Oviedo,0,3,9,8,6,5,1,2,2025-2026
12/04/2026,Ath Bilbao,Villarreal,1,2,18,12,6,6,2,3,2025-2026
13/04/2026,Levante,Getafe,1,0,22,5,4,1,2,7,2025-2026
21/04/2026,Ath Bilbao,Osasuna,1,0,7,8,2,3,3,2,2025-2026
21/04/2026,Mallorca,Valencia,1,1,20,10,8,3,0,2,2025-2026
21/04/2026,Girona,Betis,2,3,9,7,2,3,1,3,2025-2026
21/04/2026,Real Madrid,Alaves,2,1,24,19,8,5,1,1,2025-2026
22/04/2026,Elche,Ath Madrid,3,2,14,6,6,3,2,2,2025-2026
22/04/2026,Sociedad,Getafe,0,1,13,5,4,0,4,5,2025-2026
22/04/2026,Barcelona,Celta,1,0,10,6,3,3,1,1,2025-2026
23/04/2026,Levante,Sevilla,2,0,8,7,3,0,3,4,2025-2026
23/04/2026,Vallecano,Espanol,1,0,17,15,6,4,2,4,2025-2026
23/04/2026,Oviedo,Villarreal,1,1,16,7,4,3,1,1,2025-2026
24/04/2026,Betis,Real Madrid,1,1,19,12,4,8,1,2,2025-2026
25/04/2026,Alaves,Mallorca,2,1,15,4,4,2,2,1,2025-2026
25/04/2026,Getafe,Barcelona,0,2,4,13,0,4,2,2,2025-2026
25/04/2026,Valencia,Girona,2,1,12,7,3,4,2,2,2025-2026
25/04/2026,Ath Madrid,Ath Bilbao,3,2,6,12,4,4,0,0,2025-2026
26/04/2026,Vallecano,Sociedad,3,3,24,13,9,8,6,4,2025-2026
26/04/2026,Oviedo,Elche,1,2,12,4,3,4,2,0,2025-2026
26/04/2026,Osasuna,Sevilla,2,1,15,8,7,2,2,2,2025-2026
26/04/2026,Villarreal,Celta,2,1,13,9,4,3,3,6,2025-2026
